username,transaction_id,card_number,transaction_amount,card_type,transaction_date,merchant_type,transaction_status,customer_id,transaction_time
mdigby0,1,3556272905693047,7516.27,jcb,5/5/2022,restaurant,declined,1,15.89
mnewnham1,2,3561392324130794,2922.96,jcb,11/27/2022,restaurant,pending,2,6.37
gdrynan2,3,3562168706892030,6046.65,jcb,12/30/2022,online,pending,3,1.21
njerzyk3,4,3531481835062963,2958.93,jcb,6/20/2022,retail,declined,4,17.02
fchasemoore4,5,337941977276277,1222.17,americanexpress,1/17/2022,online,approved,5,0.33
rlusher5,6,6709944137862808721,5616.03,laser,10/21/2022,online,pending,6,11.78
emeredyth6,7,3548386264850021,4658.15,jcb,4/11/2022,retail,declined,7,2.89
dbeecraft7,8,3555051016319549,27.23,jcb,8/9/2022,online,declined,8,0.66
cbarford8,9,6333672318821379,2092.47,switch,5/23/2022,retail,declined,9,23.42
fgunningham9,10,5602232342328010,8544.65,bankcard,7/21/2022,restaurant,declined,10,5.85
ogorcha,11,30587439327594,8103.4,diners-club-carte-blanche,10/3/2022,restaurant,declined,11,19.9
sclaypoolb,12,3577058423134860,6193.19,jcb,9/6/2022,retail,pending,12,19.6
hveschambesc,13,3574425159364123,9089.23,jcb,5/1/2022,restaurant,declined,13,4.67
hhablotd,14,4405208070858958,5244.38,visa-electron,9/11/2022,restaurant,approved,14,8.9
cmoxome,15,4936698529680104078,2496.65,switch,11/5/2022,retail,pending,15,5.87
trouchyf,16,5641828628592563690,7748.02,switch,12/1/2022,retail,pending,16,15.97
lizakoffg,17,3586095109848511,1292.68,jcb,4/23/2022,restaurant,declined,17,21.75
hhischkeh,18,6334117507915858154,2273.35,solo,9/9/2022,online,pending,18,22.8
hardeni,19,3556997353558199,5761.72,jcb,10/28/2022,online,approved,19,4.49
gsebleyj,20,3536049483092106,3438.52,jcb,5/7/2022,retail,declined,20,0.52
tpetaschk,21,3553032076273901,8213.88,jcb,11/24/2022,online,declined,21,0.23
lkinsetl,22,3575692561567580,9948.13,jcb,3/31/2022,online,approved,22,1.54
acreeboem,23,5048370032013351,6738.54,mastercard,2/1/2022,retail,pending,23,13.02
lobriann,24,3563108100403728,2994.55,jcb,2/25/2022,retail,approved,24,1.19
apotterilo,25,5100142328867591,8661.32,mastercard,2/20/2022,online,declined,25,17.77
bkienlep,26,6759924871525086,5794.38,maestro,6/26/2022,restaurant,approved,26,19.55
jgilderq,27,3564930577446883,4066.2,jcb,11/1/2022,restaurant,approved,27,8.47
tsainesr,28,4844034133029828,2539.93,visa-electron,2/1/2022,retail,declined,28,4.99
spickens,29,6333467278286873,3406.76,switch,12/18/2022,retail,declined,29,6.83
tkenawayt,30,5100132759891699,1666.4,mastercard,3/6/2022,online,pending,30,15.59
kyglesiasu,31,3535296037348218,1446.67,jcb,4/12/2022,retail,declined,31,2.21
zboottonv,32,3549056274213911,8904.66,jcb,8/9/2022,retail,declined,32,12.51
rduffanw,33,36092082113502,6384.86,diners-club-international,11/5/2022,restaurant,declined,33,12.96
keveringtonx,34,4911467890260012,1488.48,switch,9/12/2022,retail,approved,34,9.38
cjaksicy,35,677149738035970757,8026.51,laser,3/14/2022,restaurant,pending,35,4.28
cgheraldiz,36,4017950036684834,5915.38,visa,11/21/2022,retail,pending,36,14.46
abengtsson10,37,5602212369866175,1797.12,bankcard,9/25/2022,restaurant,declined,37,8.2
bglennard11,38,374288424414588,9140.41,americanexpress,8/20/2022,restaurant,approved,38,6.61
cpitblado12,39,6386776947515934,6359.03,instapayment,3/20/2022,restaurant,approved,39,8.61
mhutson13,40,6767181740655251,9740.81,solo,11/11/2022,retail,approved,40,12.0
ubowdrey14,41,3558042460369517,6126.95,jcb,3/18/2022,online,approved,41,14.36
dsaleway15,42,4041595573148,4412.42,visa,8/1/2022,restaurant,approved,42,4.07
sheathwood16,43,5602252727141929,9559.81,bankcard,7/12/2022,restaurant,pending,43,7.85
cslinn17,44,5602247963390909,6825.11,bankcard,4/28/2022,retail,pending,44,0.12
lsanton18,45,4041590289901699,929.24,visa,2/24/2022,restaurant,declined,45,21.92
bthickin19,46,3543996725715004,4259.88,jcb,9/7/2022,retail,approved,46,2.16
jandrini1a,47,3570951448508992,175.8,jcb,6/24/2022,restaurant,declined,47,19.1
wkimmins1b,48,5359439519342824,3167.49,mastercard,12/22/2022,restaurant,declined,48,16.96
bkeaveney1c,49,3555805532123531,2848.08,jcb,6/26/2022,retail,approved,49,8.84
btelega1d,50,3581150005279330,4669.46,jcb,3/4/2022,online,approved,50,9.76
asilverthorne1e,51,3569943187018146,7398.32,jcb,10/10/2022,restaurant,declined,51,3.14
pgontier1f,52,201666659080555,9800.75,diners-club-enroute,10/7/2022,retail,declined,52,20.68
jlashmar1g,53,6383096133223398,5167.9,instapayment,1/31/2022,restaurant,pending,53,15.11
rmarkham1h,54,4405152234508242,3763.01,visa-electron,1/18/2022,online,declined,54,23.74
elebrun1i,55,676213945327064339,3032.71,maestro,4/7/2022,retail,pending,55,13.51
sbeaument1j,56,3532104067491036,4364.59,jcb,2/24/2022,online,pending,56,8.92
klodovichi1k,57,4913092917056462,6741.42,visa-electron,12/25/2022,restaurant,pending,57,19.85
kruprich1l,58,3534918037298173,7066.39,jcb,9/17/2022,restaurant,approved,58,19.83
rdoogood1m,59,5038700524408700604,8595.13,maestro,1/22/2022,online,pending,59,15.69
mrevens1n,60,3573530969409900,6456.22,jcb,12/15/2022,restaurant,pending,60,0.76
nfurber1o,61,3578212982936681,9672.85,jcb,2/9/2022,online,pending,61,15.48
cgandar1p,62,3559437954935782,6744.47,jcb,12/3/2022,retail,declined,62,9.05
bhutcheon1q,63,3540669531841313,4902.69,jcb,9/1/2022,retail,declined,63,20.42
bwebsdale1r,64,3582634504420643,2061.39,jcb,4/29/2022,online,declined,64,17.94
ctysall1s,65,4175006298727924,1948.32,visa-electron,5/8/2022,restaurant,pending,65,2.01
astansbie1t,66,3539420084572878,2451.85,jcb,9/2/2022,retail,pending,66,17.36
rjeandon1u,67,4917600693620867,3968.69,visa-electron,10/7/2022,retail,declined,67,5.96
hwanden1v,68,6761946525924627,7175.45,maestro,7/4/2022,restaurant,approved,68,14.15
evolant1w,69,3528206000700666,7988.9,jcb,2/21/2022,online,pending,69,15.29
nvanderveldt1x,70,3552155302743875,1903.38,jcb,2/25/2022,online,declined,70,23.45
bmatyas1y,71,6767605535149713127,9742.95,solo,7/12/2022,restaurant,declined,71,21.5
fdehooge1z,72,5010129878058365,7341.03,mastercard,6/17/2022,online,pending,72,10.35
jbrunskill20,73,5602252375275938,5800.66,bankcard,3/4/2022,restaurant,declined,73,7.92
gmcgonagle21,74,56022424289141259,7852.39,china-unionpay,10/17/2022,retail,pending,74,8.42
vbelvin22,75,30456881458598,5698.74,diners-club-carte-blanche,9/5/2022,restaurant,declined,75,16.05
byushkin23,76,6767935502523065780,2942.48,solo,12/25/2022,retail,pending,76,23.31
acaslin24,77,3546567819272116,2710.49,jcb,1/30/2022,retail,declined,77,11.82
jcantle25,78,3554380967499104,3727.27,jcb,11/23/2022,retail,approved,78,14.73
jdole26,79,3541391784998711,429.79,jcb,2/3/2022,retail,approved,79,4.54
aorteu27,80,5568726824630522,8259.16,diners-club-us-ca,11/30/2022,restaurant,declined,80,8.17
lnouch28,81,3547558572712017,4004.92,jcb,11/4/2022,online,declined,81,2.13
mpeck29,82,372301579364524,2004.52,americanexpress,1/11/2022,restaurant,declined,82,3.64
cwarr2a,83,3572594865601243,3913.51,jcb,2/8/2022,restaurant,pending,83,12.16
ghumby2b,84,6304981586448798,7223.86,laser,7/29/2022,online,pending,84,17.85
pkobierzycki2c,85,4913855937748163,5086.5,visa-electron,4/11/2022,online,pending,85,5.22
arottcher2d,86,3581482631492155,2449.05,jcb,1/14/2022,restaurant,declined,86,8.36
kragat2e,87,3586909995191044,3740.22,jcb,7/12/2022,retail,approved,87,22.7
acarlill2f,88,337941549715851,9872.78,americanexpress,4/11/2022,online,pending,88,17.65
ogian2g,89,3571929913676808,7272.99,jcb,9/21/2022,retail,declined,89,14.67
hstaveley2h,90,5602221620828304,4172.92,bankcard,10/2/2022,retail,approved,90,9.43
mpaty2i,91,5228451366879484,2359.37,mastercard,7/3/2022,retail,declined,91,12.96
rbertenshaw2j,92,6304576215303149171,2672.73,laser,8/1/2022,retail,approved,92,15.03
aprobbing2k,93,3548978371596974,6443.23,jcb,7/16/2022,retail,pending,93,8.7
fsickamore2l,94,30572419966439,5541.83,diners-club-carte-blanche,7/24/2022,retail,declined,94,17.34
fsegot2m,95,5426412328268166,4019.19,mastercard,6/30/2022,restaurant,pending,95,20.39
hshyres2n,96,3541642346797037,3285.91,jcb,11/14/2022,online,approved,96,15.42
kcrooke2o,97,3530468910674276,733.2,jcb,9/27/2022,online,approved,97,5.69
bsummerside2p,98,5602229001283254,4397.97,bankcard,5/4/2022,online,approved,98,6.52
dglanz2q,99,5602256712483741,3729.7,bankcard,2/23/2022,restaurant,declined,99,6.45
fgiovannoni2r,100,3562704814818846,8511.29,jcb,7/3/2022,restaurant,pending,100,12.82
bfieldstone2s,101,5602235328347250,10.27,bankcard,10/3/2022,retail,pending,101,12.34
rweald2t,102,3578406795135289,6411.0,jcb,6/29/2022,online,pending,102,3.42
cpiken2u,103,5048370433199015,5796.35,mastercard,1/15/2022,restaurant,approved,103,21.39
vmagrannell2v,104,3541784858056749,4109.41,jcb,10/18/2022,restaurant,approved,104,17.54
jhavers2w,105,30114660968754,7906.39,diners-club-carte-blanche,9/19/2022,retail,approved,105,22.72
hdelia2x,106,5048378066314850,5451.66,mastercard,7/13/2022,restaurant,pending,106,19.65
wgetcliffe2y,107,30131508249718,5002.09,diners-club-carte-blanche,8/23/2022,online,declined,107,12.62
gnitto2z,108,4041378682660,6987.01,visa,4/12/2022,restaurant,declined,108,13.94
acurgenven30,109,5392040545495807,8761.76,mastercard,2/16/2022,retail,pending,109,20.3
sblandamere31,110,4041593595468239,9370.78,visa,9/16/2022,retail,approved,110,11.8
dgoldis32,111,3585791841151518,2631.6,jcb,4/7/2022,online,approved,111,2.06
cpiper33,112,5426713927851322,5822.84,diners-club-us-ca,9/5/2022,retail,approved,112,11.41
rrainton34,113,4410016222451694,687.38,visa,1/19/2022,restaurant,pending,113,5.4
sgreensted35,114,3589943885267975,2179.87,jcb,3/16/2022,retail,pending,114,12.82
mwerndley36,115,6763839670248595518,2722.15,maestro,12/8/2022,online,declined,115,6.76
iklosges37,116,3589051174297057,9375.16,jcb,1/27/2022,retail,declined,116,5.66
glyven38,117,6761936517323114432,9568.12,maestro,9/6/2022,retail,declined,117,15.2
scheer39,118,6761479867350245200,1263.14,maestro,2/2/2022,online,approved,118,1.11
jkopke3a,119,3536276275482720,1664.35,jcb,4/18/2022,online,pending,119,11.82
srubee3b,120,5100139292163239,4246.1,mastercard,7/5/2022,restaurant,declined,120,5.12
lelkins3c,121,3547453543758671,195.73,jcb,12/14/2022,retail,approved,121,12.03
ngrelka3d,122,4405892806393917,3974.14,visa-electron,3/1/2022,restaurant,pending,122,16.52
jclarkson3e,123,3589465387760844,8717.97,jcb,6/24/2022,restaurant,approved,123,19.33
zwooff3f,124,5002354506170172,4892.46,mastercard,6/11/2022,retail,pending,124,9.56
hlindsey3g,125,201816379593268,9471.13,diners-club-enroute,8/19/2022,restaurant,declined,125,1.59
mben3h,126,3576689595190826,960.31,jcb,2/18/2022,restaurant,approved,126,16.81
htomasik3i,127,4936116573313254854,9999.71,switch,5/21/2022,online,declined,127,21.23
drobelin3j,128,3580750683250932,3615.68,jcb,10/28/2022,restaurant,approved,128,8.25
mgreenhough3k,129,3562863295419191,9045.92,jcb,4/12/2022,online,declined,129,8.85
kkobsch3l,130,3562461416464301,6940.92,jcb,5/28/2022,restaurant,pending,130,0.16
qdevons3m,131,67637345695239086,9287.91,maestro,3/22/2022,online,pending,131,13.79
cbenedyktowicz3n,132,3584262122012283,835.39,jcb,6/6/2022,retail,declined,132,0.91
lgoldhawk3o,133,3532856256434792,1997.71,jcb,6/19/2022,retail,pending,133,7.41
cpresman3p,134,30497643080403,8078.28,diners-club-carte-blanche,10/9/2022,online,pending,134,23.94
dolexa3q,135,5602211359266453,9906.2,bankcard,6/19/2022,retail,approved,135,2.7
jrickardsson3r,136,3547384068454638,9461.04,jcb,11/20/2022,retail,declined,136,5.39
kandrasch3s,137,3544065348886938,9301.16,jcb,8/22/2022,retail,declined,137,18.91
jdolman3t,138,3548417052849949,114.29,jcb,6/5/2022,online,approved,138,17.02
ncordon3u,139,3552986861240634,2641.36,jcb,6/30/2022,online,pending,139,16.56
karchard3v,140,3553554668680078,7287.22,jcb,6/17/2022,retail,declined,140,11.03
khazael3w,141,3531334106621191,4604.34,jcb,12/13/2022,online,declined,141,13.91
callbon3x,142,3529896390234471,7732.27,jcb,6/4/2022,restaurant,pending,142,3.99
hsaich3y,143,3535734307826752,906.65,jcb,7/23/2022,restaurant,approved,143,7.95
alegrave3z,144,5602248817869841,3938.33,bankcard,4/20/2022,online,approved,144,17.95
rdeathridge40,145,6767091651247779364,6658.09,solo,3/21/2022,restaurant,approved,145,19.59
aelsey41,146,5641821969160194,8651.83,switch,9/12/2022,restaurant,pending,146,22.44
hkollasch42,147,5048374905205847,8829.17,mastercard,8/16/2022,restaurant,approved,147,4.37
jmitchiner43,148,3536880158880676,5079.33,jcb,1/27/2022,online,pending,148,6.69
dfrake44,149,3557173913180457,5907.6,jcb,1/15/2022,retail,pending,149,2.55
oboome45,150,3536621638821355,8207.85,jcb,2/26/2022,restaurant,pending,150,11.61
atomaselli46,151,5010127833426537,8128.38,mastercard,6/15/2022,online,approved,151,4.27
nclelle47,152,30206165815306,3871.76,diners-club-carte-blanche,5/11/2022,retail,declined,152,4.63
ddayley48,153,347665654934373,5796.28,americanexpress,6/23/2022,online,pending,153,0.93
ningree49,154,3537325727924133,8539.25,jcb,8/18/2022,retail,pending,154,9.37
kkiddell4a,155,3574166440350014,389.77,jcb,4/20/2022,retail,approved,155,20.58
emontfort4b,156,3566205477457431,6067.82,jcb,9/3/2022,online,approved,156,1.55
mfenelon4c,157,5007668411705268,6294.98,mastercard,1/27/2022,retail,pending,157,18.46
rlongfoot4d,158,50384403422582822,4454.65,maestro,6/17/2022,retail,declined,158,9.48
jkeuneke4e,159,5007668041364783,227.76,mastercard,6/5/2022,restaurant,pending,159,12.49
mphant4f,160,5587703214878919,7744.48,mastercard,12/26/2022,restaurant,declined,160,0.55
nhockey4g,161,3581350246600035,8692.5,jcb,10/21/2022,restaurant,approved,161,22.94
ecootes4h,162,5602253255632123,2237.28,bankcard,7/13/2022,retail,pending,162,11.63
sjeandel4i,163,3528946480447920,6372.83,jcb,10/2/2022,online,declined,163,14.7
fclausson4j,164,374288253504905,4975.6,americanexpress,10/10/2022,online,declined,164,16.73
gsterrick4k,165,67627102671769996,9317.08,maestro,11/27/2022,restaurant,approved,165,12.71
wlosty4l,166,3533190609370100,8114.98,jcb,11/7/2022,online,approved,166,17.52
gcartmel4m,167,30339089095737,8828.24,diners-club-carte-blanche,7/22/2022,restaurant,pending,167,8.67
jhallewell4n,168,6759771693084267,6943.84,switch,9/8/2022,online,approved,168,8.53
mbesson4o,169,3564275535689202,3952.58,jcb,11/28/2022,restaurant,declined,169,6.26
nvillalta4p,170,6334419996225252,4372.28,solo,8/28/2022,online,pending,170,9.86
cunger4q,171,3566281916792605,8073.58,jcb,2/6/2022,restaurant,declined,171,0.29
vkirlin4r,172,6709103005877041,7882.22,laser,11/17/2022,restaurant,pending,172,23.07
jkits4s,173,3567155227858546,3989.4,jcb,5/30/2022,restaurant,declined,173,1.59
fstonebanks4t,174,3547269782474303,4307.12,jcb,5/4/2022,online,declined,174,14.23
ecoggles4u,175,5602251720974955,6640.34,bankcard,8/6/2022,restaurant,approved,175,14.19
mdorking4v,176,67615821082629341,8405.2,maestro,11/9/2022,online,approved,176,8.32
tbreeder4w,177,4913568299092423,4755.34,visa-electron,12/21/2022,restaurant,approved,177,23.14
rvasentsov4x,178,3582191719137975,8139.41,jcb,8/7/2022,restaurant,pending,178,9.68
bmuddicliffe4y,179,3557856444067769,6378.32,jcb,2/26/2022,online,declined,179,2.35
dblencoe4z,180,5602248183143573,8333.92,bankcard,1/3/2022,retail,declined,180,3.0
ecastelot50,181,67594767078684052,4184.33,maestro,9/4/2022,restaurant,pending,181,8.69
cfenners51,182,4905981562959430800,5974.26,switch,12/7/2022,online,approved,182,17.96
vlechmere52,183,349904261585007,2933.86,americanexpress,7/18/2022,retail,approved,183,0.27
vlewington53,184,3558437303889160,1417.66,jcb,5/8/2022,online,approved,184,11.08
mgossipin54,185,337941370011552,4083.94,americanexpress,8/11/2022,online,approved,185,12.21
tcooling55,186,4021320770935749,430.14,visa,7/23/2022,online,approved,186,21.38
asnoddin56,187,3577186354429411,9649.15,jcb,4/23/2022,restaurant,declined,187,22.45
dshoesmith57,188,6381528733316091,6170.33,instapayment,8/11/2022,retail,approved,188,22.3
wstockney58,189,6767109026720823429,2721.66,solo,12/23/2022,restaurant,pending,189,20.1
phathway59,190,6390087022336012,5907.71,instapayment,12/5/2022,online,pending,190,10.45
nhellens5a,191,3581860841927302,5081.03,jcb,3/3/2022,retail,approved,191,1.68
gmanser5b,192,3576111074994776,7563.96,jcb,12/4/2022,retail,approved,192,8.42
cmeeks5c,193,5610002584232505,3881.57,bankcard,2/6/2022,online,approved,193,11.36
lconniam5d,194,501864566466096676,7080.93,maestro,10/21/2022,restaurant,approved,194,8.43
csloy5e,195,3577766497096092,9603.22,jcb,4/18/2022,retail,approved,195,11.11
krodrigues5f,196,3582007293355579,9565.27,jcb,11/23/2022,online,declined,196,10.29
kairton5g,197,4911740646411166,4249.12,switch,9/22/2022,retail,declined,197,9.66
thandaside5h,198,630446937042062355,4364.48,laser,6/1/2022,retail,pending,198,1.52
pburkman5i,199,5602221781301034,6547.37,bankcard,4/20/2022,retail,declined,199,8.99
ckarpov5j,200,3556164841184530,5216.02,jcb,11/1/2022,online,declined,200,11.32
sfanti5k,201,676364133158246500,2228.7,maestro,7/6/2022,retail,approved,201,20.95
iupfold5l,202,5893303585046003,183.78,maestro,3/31/2022,online,approved,202,6.03
bnuttey5m,203,3582171798023957,6869.54,jcb,4/11/2022,retail,approved,203,8.7
climbert5n,204,374622319701099,111.23,americanexpress,9/4/2022,restaurant,approved,204,22.47
slenormand5o,205,5602211741885721,5211.47,bankcard,9/16/2022,restaurant,declined,205,13.78
bsallter5p,206,675936168618172384,6358.83,switch,3/5/2022,retail,declined,206,16.5
tkyte5q,207,5410190751913551,3795.75,diners-club-us-ca,7/9/2022,retail,declined,207,6.86
gbygott5r,208,6761596809399515,7878.93,maestro,11/11/2022,retail,pending,208,22.95
thammarberg5s,209,5602259685594361,6039.63,bankcard,4/9/2022,retail,declined,209,14.47
bleas5t,210,3549382566399402,2541.67,jcb,5/8/2022,retail,approved,210,5.83
vponceford5u,211,4672477181871525,8150.46,visa,7/23/2022,retail,approved,211,1.67
hminnock5v,212,4026906865804868,8293.91,visa-electron,7/5/2022,online,approved,212,11.3
socollopy5w,213,5100138998690818,372.85,mastercard,5/4/2022,online,declined,213,19.1
tbarbary5x,214,676367773808966812,3556.83,maestro,10/1/2022,online,declined,214,4.52
mmollin5y,215,4026238128573753,1709.07,visa-electron,12/22/2022,restaurant,approved,215,22.85
amcgready5z,216,3569716653938629,9251.02,jcb,2/12/2022,retail,approved,216,9.21
awhyte60,217,6393213652211260,8111.04,instapayment,5/25/2022,online,pending,217,19.28
llequesne61,218,3556786024661528,8126.91,jcb,5/6/2022,restaurant,approved,218,22.68
jlyte62,219,5048379869018979,9313.47,mastercard,1/3/2022,retail,pending,219,2.42
wshakspeare63,220,3553348891233007,8273.95,jcb,10/30/2022,restaurant,declined,220,20.52
khayhow64,221,6371538952314794,1188.4,instapayment,4/14/2022,restaurant,pending,221,6.35
sfairweather65,222,375553810913934,956.53,americanexpress,8/7/2022,retail,approved,222,17.49
bbloxland66,223,5108753072550142,6689.14,mastercard,8/21/2022,online,approved,223,0.18
kwebbe67,224,3562233473287317,976.79,jcb,11/8/2022,retail,declined,224,15.19
hplumley68,225,3541183560843934,1974.06,jcb,11/29/2022,restaurant,declined,225,7.43
cpatek69,226,30523776233806,3642.94,diners-club-carte-blanche,1/14/2022,retail,approved,226,2.19
rcrusham6a,227,3572007317928106,2472.82,jcb,6/12/2022,online,pending,227,19.64
msweett6b,228,3565802074964529,6623.59,jcb,6/21/2022,restaurant,pending,228,4.05
walliband6c,229,3574660951867481,9863.86,jcb,11/7/2022,restaurant,pending,229,14.7
lbrinkman6d,230,3554879570523531,8337.51,jcb,11/5/2022,retail,pending,230,3.98
lalloisi6e,231,501847910419333673,204.78,maestro,4/3/2022,online,approved,231,6.79
bhaward6f,232,3555560081834976,3243.55,jcb,12/20/2022,restaurant,approved,232,17.08
dgleave6g,233,4041373092288822,622.23,visa,10/16/2022,online,declined,233,9.3
kzanetello6h,234,30023090031937,5352.41,diners-club-carte-blanche,12/12/2022,retail,pending,234,4.67
hpetrenko6i,235,201509607562987,6949.57,diners-club-enroute,2/14/2022,restaurant,approved,235,16.09
dsheahan6j,236,372301924382486,8642.51,americanexpress,10/21/2022,retail,pending,236,8.2
cdwine6k,237,3542564010770455,9990.67,jcb,9/29/2022,restaurant,pending,237,0.69
gwallwood6l,238,5582074164469900,5272.68,mastercard,1/26/2022,restaurant,declined,238,18.14
amclaggan6m,239,3544728852317372,7340.84,jcb,10/25/2022,restaurant,declined,239,1.11
mfarrow6n,240,6762457818432753020,772.52,maestro,12/3/2022,online,approved,240,18.85
dpickworth6o,241,4017955545706481,4460.84,visa,4/19/2022,retail,approved,241,8.62
astanden6p,242,5641821551152640848,2782.61,switch,4/3/2022,online,pending,242,23.11
mpotten6q,243,201824391176559,2728.38,diners-club-enroute,8/30/2022,retail,declined,243,3.79
hkunat6r,244,372301342190651,6565.76,americanexpress,6/27/2022,retail,declined,244,0.82
ipaine6s,245,4508044055421298,7813.47,visa-electron,10/28/2022,restaurant,declined,245,8.85
ccray6t,246,3578137384235434,4878.96,jcb,9/6/2022,retail,approved,246,23.61
cwarry6u,247,337941852421923,3528.05,americanexpress,9/2/2022,online,declined,247,16.5
msylvaine6v,248,5893038973795577,1987.16,maestro,6/10/2022,online,approved,248,18.44
rgajownik6w,249,5602231650465224,5354.74,china-unionpay,5/12/2022,restaurant,pending,249,21.05
tdivers6x,250,5610478099844374,2246.82,bankcard,11/13/2022,retail,pending,250,6.62
mbranchett6y,251,4175005649427135,8414.03,visa-electron,10/29/2022,retail,declined,251,9.94
frearden6z,252,5602227431832013,9901.7,bankcard,5/19/2022,restaurant,pending,252,11.41
hforce70,253,3568192986517699,4311.13,jcb,1/30/2022,retail,declined,253,5.2
jkunzler71,254,6398429869853422,6243.88,instapayment,11/13/2022,retail,approved,254,16.59
eyoutead72,255,3579689881507953,3606.19,jcb,4/28/2022,retail,pending,255,19.12
amccoll73,256,4405406590059459,440.41,visa-electron,5/17/2022,restaurant,pending,256,0.31
jcready74,257,3587850087000769,5332.48,jcb,5/10/2022,restaurant,pending,257,4.89
gstolberg75,258,374288317411394,4333.37,americanexpress,12/19/2022,restaurant,approved,258,0.5
xgronowe76,259,6333416265464243985,5229.39,switch,12/18/2022,online,pending,259,19.21
sguildford77,260,3549010897811353,2915.96,jcb,3/30/2022,retail,declined,260,14.57
lchaim78,261,560222310252892201,1088.77,china-unionpay,2/11/2022,restaurant,declined,261,10.44
jkenion79,262,347425679699638,8663.86,americanexpress,3/7/2022,online,approved,262,10.81
mspens7a,263,3556735318710343,7403.87,jcb,2/24/2022,online,pending,263,0.61
jseavers7b,264,490340669217264617,9524.75,switch,11/22/2022,retail,approved,264,2.83
trangell7c,265,5007664965560761,9149.55,mastercard,2/21/2022,restaurant,pending,265,1.65
efullilove7d,266,3560821455792171,5693.91,jcb,9/29/2022,retail,approved,266,5.87
pmacnally7e,267,5602216881156585,9388.5,bankcard,4/27/2022,restaurant,approved,267,1.14
niannitti7f,268,5002356787623498,1172.04,mastercard,10/31/2022,restaurant,pending,268,20.81
mkarlsson7g,269,5125952883126212,6499.51,mastercard,10/1/2022,retail,approved,269,11.38
mkydde7h,270,3547781063320815,6124.92,jcb,2/20/2022,retail,declined,270,0.14
nisaaksohn7i,271,5227215889341061,2297.83,mastercard,5/6/2022,retail,pending,271,10.88
dfeore7j,272,4911574024583621,177.97,switch,7/5/2022,online,approved,272,19.6
rleebetter7k,273,5100172233565709,7372.3,mastercard,11/22/2022,online,declined,273,3.5
lchaters7l,274,589379956879590501,7851.11,maestro,8/11/2022,online,declined,274,9.49
broisen7m,275,3555273301269995,8784.52,jcb,6/21/2022,online,declined,275,7.44
lheersema7n,276,3555259790258789,4552.99,jcb,6/23/2022,restaurant,pending,276,3.14
nhandy7o,277,3581539805325519,4036.09,jcb,9/21/2022,restaurant,approved,277,17.06
ressel7p,278,3532139462605012,2506.81,jcb,1/3/2022,restaurant,approved,278,21.77
nauden7q,279,3531543539251778,8952.65,jcb,10/29/2022,retail,approved,279,21.4
pinglefield7r,280,6767103529992787319,9817.5,solo,12/21/2022,restaurant,pending,280,13.5
hhousen7s,281,3565184804349135,4557.74,jcb,9/11/2022,restaurant,declined,281,16.62
kkiessel7t,282,3577554393757748,3976.04,jcb,2/8/2022,retail,pending,282,7.95
jbeetham7u,283,3569566875392901,3380.31,jcb,9/12/2022,restaurant,approved,283,18.51
vtwigge7v,284,5602241061335007,6268.0,bankcard,2/12/2022,retail,declined,284,1.36
citschakov7w,285,3540738364713145,3604.18,jcb,4/16/2022,retail,pending,285,22.26
bpallas7x,286,5507060953206803,191.6,diners-club-us-ca,8/28/2022,retail,declined,286,3.84
bhounsom7y,287,6331100217342609304,1001.55,switch,11/24/2022,retail,declined,287,21.68
qtaplin7z,288,3571106324575693,4668.6,jcb,6/20/2022,online,pending,288,17.53
atomanek80,289,3570620620834464,6632.76,jcb,5/6/2022,restaurant,pending,289,2.04
oburdytt81,290,3541564429386308,6289.2,jcb,4/11/2022,retail,declined,290,2.37
agoundrill82,291,6706282655436093,9614.67,laser,10/10/2022,online,declined,291,11.13
frase83,292,4175000016574791,9276.4,visa-electron,3/17/2022,retail,pending,292,5.02
wzaniolini84,293,3553821483760405,6041.71,jcb,11/11/2022,restaurant,approved,293,5.8
abass85,294,6382643028684761,7701.54,instapayment,6/13/2022,online,declined,294,14.82
kbeddon86,295,5610018273168875,6136.15,bankcard,6/24/2022,online,pending,295,18.92
wgrizard87,296,4905488031629129,8401.6,switch,2/9/2022,restaurant,pending,296,9.02
lhassan88,297,30564205709461,8601.29,diners-club-carte-blanche,10/6/2022,restaurant,pending,297,14.63
fhedlestone89,298,3552542641990764,7183.41,jcb,1/11/2022,restaurant,approved,298,1.96
fheathcott8a,299,3564828435244526,4022.78,jcb,9/3/2022,retail,declined,299,7.3
cmeegin8b,300,5893864439595875,1474.76,maestro,8/12/2022,restaurant,pending,300,13.93
afilasov8c,301,5010124901197009,7165.87,mastercard,11/11/2022,online,approved,301,14.61
dfontenot8d,302,670934697760781900,840.96,laser,10/5/2022,retail,approved,302,18.45
ywebbe8e,303,30579197590174,3569.67,diners-club-carte-blanche,9/2/2022,online,approved,303,2.18
jvitler8f,304,3589370477220131,1688.22,jcb,10/24/2022,online,pending,304,18.55
rdeamaya8g,305,30251705280066,2671.2,diners-club-carte-blanche,4/13/2022,restaurant,pending,305,16.79
atruelove8h,306,3562151492939769,99.03,jcb,5/5/2022,online,declined,306,17.04
sbelhome8i,307,4041590821419,2311.92,visa,5/26/2022,retail,pending,307,22.51
egabala8j,308,3554134701464381,8180.38,jcb,5/21/2022,retail,approved,308,21.4
swince8k,309,3537777303178742,2898.64,jcb,6/8/2022,restaurant,approved,309,13.17
kmccathie8l,310,6304809843740303,6257.52,maestro,11/21/2022,online,declined,310,14.12
kforge8m,311,374283279588719,197.71,americanexpress,4/2/2022,restaurant,declined,311,2.86
lwillowby8n,312,4844847795052311,1384.08,visa-electron,5/5/2022,online,pending,312,18.18
pfido8o,313,5010125949315438,1178.61,mastercard,2/18/2022,retail,declined,313,0.06
shamments8p,314,373652303061664,2436.47,americanexpress,12/3/2022,retail,approved,314,12.92
asturrock8q,315,3551957711974343,8638.17,jcb,8/13/2022,restaurant,pending,315,19.11
dthing8r,316,5602239147431204,6920.42,bankcard,11/26/2022,online,approved,316,13.79
kpurkess8s,317,3555966951761027,2428.58,jcb,3/5/2022,restaurant,pending,317,11.15
ksnape8t,318,3585128887041297,6015.98,jcb,5/16/2022,retail,declined,318,23.16
ggery8u,319,30292153482184,1769.24,diners-club-carte-blanche,2/15/2022,retail,declined,319,11.03
dstienham8v,320,3549056725610210,7083.2,jcb,10/10/2022,online,declined,320,18.36
gmoles8w,321,4911646298134745631,150.47,switch,1/27/2022,restaurant,pending,321,2.49
santrim8x,322,3573125213528652,9967.92,jcb,4/2/2022,online,pending,322,12.62
hfrondt8y,323,3582751456866522,980.89,jcb,6/28/2022,restaurant,approved,323,7.79
lanniwell8z,324,3572128531800044,5221.17,jcb,4/6/2022,retail,approved,324,4.79
rvanderwalt90,325,3576804799511723,9697.93,jcb,9/9/2022,restaurant,declined,325,6.88
mvint91,326,6395835758788730,4839.04,instapayment,9/14/2022,retail,pending,326,4.16
lyakovlev92,327,560222180503743861,6682.61,china-unionpay,8/26/2022,retail,pending,327,3.79
probens93,328,5002357543065404,7890.81,mastercard,12/11/2022,restaurant,approved,328,8.87
ckubiczek94,329,5602218110400123,9465.8,bankcard,3/16/2022,retail,approved,329,6.57
khaws95,330,3528785388497193,4349.86,jcb,11/25/2022,restaurant,pending,330,15.95
amcmearty96,331,201622254271321,4698.6,diners-club-enroute,12/11/2022,restaurant,pending,331,22.98
gkubas97,332,3560573798370989,7875.37,jcb,9/30/2022,restaurant,declined,332,12.27
gbriton98,333,6375399038306270,5327.46,instapayment,8/24/2022,restaurant,approved,333,18.28
rritchie99,334,3560299414368773,7492.55,jcb,12/3/2022,restaurant,pending,334,23.37
ltretwell9a,335,5020724020444391862,8827.39,maestro,3/6/2022,restaurant,pending,335,14.94
mmulbery9b,336,3553979473794451,3824.63,jcb,4/5/2022,restaurant,declined,336,2.57
kbrockwell9c,337,201987878835714,9468.22,diners-club-enroute,7/25/2022,online,pending,337,5.09
imaplestone9d,338,3559252927282737,9871.92,jcb,8/31/2022,restaurant,pending,338,9.94
nflury9e,339,6706102022525885999,7087.49,laser,1/28/2022,online,pending,339,15.01
hmayzes9f,340,4917245260125542,260.85,visa-electron,5/13/2022,retail,pending,340,6.29
dwilcockes9g,341,3548471990740561,6136.73,jcb,12/4/2022,restaurant,approved,341,23.07
rjanaszkiewicz9h,342,633110275816729126,5305.26,switch,6/30/2022,online,declined,342,18.88
krabb9i,343,201544754130445,2474.2,diners-club-enroute,8/27/2022,restaurant,pending,343,8.42
roffill9j,344,4017956959198900,3249.21,visa,3/2/2022,retail,declined,344,7.2
vcammish9k,345,3537089299834092,8847.37,jcb,1/22/2022,online,pending,345,14.69
rbayford9l,346,3530624715788774,9794.39,jcb,2/8/2022,restaurant,approved,346,16.94
ebutner9m,347,3563032013265091,6521.41,jcb,2/27/2022,online,approved,347,21.22
storrent9n,348,5602258787334551,5214.77,bankcard,5/20/2022,restaurant,declined,348,21.7
bbinden9o,349,36610766598258,5329.35,diners-club-international,8/26/2022,restaurant,pending,349,20.03
rscallan9p,350,3559554495781614,6986.92,jcb,4/20/2022,retail,approved,350,5.01
rshier9q,351,3534412932829746,2964.1,jcb,7/24/2022,restaurant,declined,351,14.94
mhartopp9r,352,374283941834715,6552.82,americanexpress,12/19/2022,retail,approved,352,8.42
lmarzelo9s,353,6333713479953334938,6236.0,switch,5/7/2022,restaurant,pending,353,6.46
ndrivers9t,354,5020507166181452137,6154.29,maestro,1/26/2022,online,approved,354,8.7
narnall9u,355,3569189150150322,6975.41,jcb,1/3/2022,restaurant,approved,355,14.19
ihovy9v,356,4017954608331022,688.72,visa,12/21/2022,retail,approved,356,0.35
csnedden9w,357,3551282273945379,1295.84,jcb,2/14/2022,restaurant,declined,357,10.65
ckaradzas9x,358,3563713727244452,6665.66,jcb,11/20/2022,restaurant,approved,358,0.06
dsnazle9y,359,6759212314594348546,9202.65,switch,7/14/2022,retail,approved,359,16.56
hsparrow9z,360,3572005794038894,456.22,jcb,3/31/2022,retail,approved,360,20.95
inuschea0,361,6370351631851660,4488.3,instapayment,9/10/2022,online,approved,361,23.65
sallwella1,362,372301166520603,6236.4,americanexpress,12/11/2022,online,declined,362,17.2
nshelforda2,363,5048370285758074,7129.7,mastercard,1/8/2022,restaurant,pending,363,2.29
acrostera3,364,3538875382714905,4517.66,jcb,10/15/2022,online,pending,364,14.69
gjeratta4,365,3577693548998565,955.18,jcb,6/14/2022,online,approved,365,9.77
iabberleya5,366,3576117175077585,8323.12,jcb,7/18/2022,online,declined,366,20.91
mwynetta6,367,3565331561816935,9243.59,jcb,6/22/2022,retail,approved,367,23.15
lgaynesforda7,368,6377046791923092,6820.53,instapayment,4/30/2022,retail,declined,368,15.67
achallenora8,369,3567522747812701,9212.59,jcb,10/20/2022,online,pending,369,22.95
ajeppsa9,370,3552253638404682,4808.02,jcb,12/6/2022,retail,pending,370,1.35
ssamsonaa,371,3539523992513262,5924.14,jcb,1/1/2022,restaurant,approved,371,9.01
fkempab,372,6331100322770618817,2194.11,switch,12/23/2022,online,declined,372,3.75
rlodewickac,373,3562579615546790,7339.98,jcb,3/5/2022,restaurant,declined,373,22.06
qwoloschinad,374,201453129837496,6382.29,diners-club-enroute,3/24/2022,retail,declined,374,1.99
srudgleyae,375,3534098698067322,4661.29,jcb,4/29/2022,retail,approved,375,0.41
tburrettaf,376,4026000471250656,762.26,visa-electron,5/31/2022,online,pending,376,7.07
geasmanag,377,3571037240443460,7139.59,jcb,3/17/2022,online,approved,377,16.1
rtextonah,378,3543104481158929,7218.27,jcb,6/21/2022,retail,approved,378,7.29
cblackboroai,379,676367581956264389,6117.24,maestro,2/15/2022,online,approved,379,6.37
ddykinsaj,380,3572570366976078,5935.69,jcb,5/27/2022,online,approved,380,10.16
scockranak,381,4508620989573161,8291.47,visa-electron,4/27/2022,retail,approved,381,9.35
fcamilioal,382,3575654044391442,7863.31,jcb,6/24/2022,online,pending,382,15.08
jmattiessenam,383,5007667242804290,7557.73,mastercard,11/30/2022,restaurant,declined,383,17.83
svobesan,384,67624671781441319,1305.54,maestro,9/20/2022,online,declined,384,17.39
blazellao,385,06045533556412983,9117.77,maestro,2/10/2022,restaurant,pending,385,16.14
jmoakesap,386,3552730377964943,5483.55,jcb,7/12/2022,retail,approved,386,22.37
mastlesaq,387,5210040097274113,6068.95,mastercard,4/7/2022,retail,pending,387,17.3
dcollopyar,388,3551194808031296,9798.82,jcb,11/18/2022,online,pending,388,7.18
wmaidensas,389,5125479008544145,9580.48,mastercard,3/1/2022,retail,approved,389,19.7
wcurthoysat,390,3583373370329880,9853.45,jcb,1/13/2022,online,approved,390,7.1
drisleyau,391,67614045273017881,3866.52,maestro,10/6/2022,retail,declined,391,8.89
fheseyav,392,5002354937623633,7166.75,mastercard,6/14/2022,restaurant,pending,392,7.92
bferminaw,393,5602229229687286,4436.86,bankcard,1/27/2022,retail,approved,393,8.06
pcalderwoodax,394,5010120307603590,9009.83,mastercard,8/28/2022,retail,declined,394,20.08
gshayay,395,30384967420680,3621.64,diners-club-carte-blanche,2/28/2022,retail,approved,395,16.51
bhollerinaz,396,5100145582072428,1334.43,mastercard,8/31/2022,retail,pending,396,18.46
eglascottb0,397,4917823281826429,8517.71,visa-electron,8/18/2022,online,declined,397,14.21
dboutcherb1,398,30046754444823,2488.9,diners-club-carte-blanche,11/17/2022,online,approved,398,8.95
bswiggb2,399,4905247291142391,2290.19,switch,4/20/2022,retail,approved,399,10.7
tghiottob3,400,5007662991674663,5703.6,mastercard,5/14/2022,retail,pending,400,5.69
mzanettib4,401,6391677759695017,7901.0,instapayment,8/18/2022,online,declined,401,16.32
bsimonatob5,402,5020389676815206090,2805.46,maestro,7/1/2022,retail,declined,402,9.52
oantonib6,403,5602253632958993,9768.16,bankcard,4/12/2022,restaurant,declined,403,4.04
omilillob7,404,6709902468269756,6521.97,laser,6/1/2022,retail,declined,404,22.21
cvermanb8,405,30401987076365,9883.15,diners-club-carte-blanche,1/20/2022,online,pending,405,20.95
hsimesb9,406,3563869293367547,2309.92,jcb,6/26/2022,restaurant,pending,406,20.51
khavardba,407,5610145608872275,5202.59,china-unionpay,5/8/2022,restaurant,approved,407,9.64
jphysickbb,408,3573554255334150,619.1,jcb,9/19/2022,retail,approved,408,13.34
ncuseckbc,409,5452364752083917,32.06,diners-club-us-ca,4/19/2022,retail,approved,409,5.01
kdonohoebd,410,372301774722757,9815.76,americanexpress,12/10/2022,online,pending,410,0.99
wfossordbe,411,3568558118967335,4611.72,jcb,6/13/2022,restaurant,approved,411,13.16
fjancybf,412,58930687767217935,8209.24,maestro,7/19/2022,retail,approved,412,17.29
otricebg,413,4026435970445110,1558.24,visa-electron,8/17/2022,online,approved,413,21.81
rmccaghanbh,414,5641824454599230322,2473.59,switch,11/26/2022,retail,declined,414,16.49
fkolinskybi,415,6771127301160003,536.25,laser,11/27/2022,retail,declined,415,6.0
oplevinbj,416,30422960643732,1683.67,diners-club-carte-blanche,6/18/2022,online,declined,416,8.12
lhakonssonbk,417,5048372193584170,5310.03,mastercard,3/4/2022,restaurant,approved,417,15.41
mshawbl,418,6761338056476170523,5433.85,maestro,5/1/2022,retail,pending,418,12.22
jmelmothbm,419,4041593522337,504.3,visa,1/7/2022,restaurant,approved,419,4.01
mpovahbn,420,3568807600690289,4563.46,jcb,7/12/2022,restaurant,declined,420,10.82
gchaplingbo,421,3546905729480900,3817.82,jcb,8/30/2022,online,pending,421,23.33
bryriebp,422,5602217056301956,6119.9,bankcard,2/27/2022,retail,declined,422,5.77
gmacklinbq,423,30173069026960,4878.49,diners-club-carte-blanche,10/10/2022,restaurant,declined,423,11.02
dbleddonbr,424,3570212588015334,3792.65,jcb,2/10/2022,retail,pending,424,1.21
vcumbridgebs,425,374622829545630,5902.28,americanexpress,1/13/2022,retail,declined,425,3.57
rbarliebt,426,3571160380551718,351.04,jcb,5/14/2022,restaurant,pending,426,18.79
cterronbu,427,5564954371272142,9185.8,mastercard,2/8/2022,online,declined,427,20.88
hbelfittbv,428,3528991964956400,1653.91,jcb,7/23/2022,retail,pending,428,12.6
tstigellbw,429,30170863000787,9871.82,diners-club-carte-blanche,1/12/2022,restaurant,approved,429,1.89
aspellerbx,430,5602226578294789,4446.67,bankcard,3/31/2022,retail,approved,430,10.89
qbarkshireby,431,3539883742140224,4120.35,jcb,12/25/2022,retail,approved,431,8.91
ldavidwitzbz,432,6706327704119480928,5054.34,laser,11/26/2022,restaurant,pending,432,20.64
ltrubshawc0,433,3535974498157373,2522.96,jcb,7/26/2022,retail,declined,433,22.24
dlemeriec1,434,4844435990028250,2050.86,visa-electron,9/4/2022,retail,declined,434,3.81
gnorcockc2,435,5610122712009128,6210.13,china-unionpay,3/19/2022,online,pending,435,10.14
ifairholmec3,436,5010120455733587,8723.37,mastercard,2/28/2022,online,approved,436,22.09
afishleyc4,437,5100149308596199,8042.09,mastercard,10/2/2022,online,pending,437,21.26
zwolledgec5,438,3578798860418446,8912.65,jcb,1/8/2022,restaurant,pending,438,23.82
ctwinbrowc6,439,3562853706313166,558.01,jcb,2/3/2022,retail,pending,439,9.66
mvakhoninc7,440,3586369409055691,6629.03,jcb,12/30/2022,online,declined,440,20.37
wrichleyc8,441,56022582661064520,9508.75,china-unionpay,2/25/2022,retail,pending,441,16.53
gsandyfordc9,442,633110566612040852,752.44,switch,11/28/2022,online,pending,442,17.8
ghalgarthca,443,5018752890185213,7874.49,maestro,10/6/2022,retail,approved,443,21.8
gdrurycb,444,3575901163359696,3671.6,jcb,9/25/2022,online,approved,444,15.75
llabeuilcc,445,4903701240494685,1846.49,switch,8/13/2022,online,declined,445,15.6
atearneycd,446,3563481136178030,2101.55,jcb,6/17/2022,restaurant,approved,446,4.39
lcaldaroce,447,3586376271031841,5644.53,jcb,2/21/2022,online,declined,447,5.44
cmarsiecf,448,4844783295478211,8603.57,visa-electron,11/8/2022,online,approved,448,11.1
ttollidaycg,449,5296708949610489,4331.02,mastercard,1/9/2022,online,approved,449,15.1
zsabbinch,450,5602215556803653,3359.55,bankcard,4/15/2022,online,pending,450,18.45
dananci,451,3585619612169213,5163.23,jcb,5/25/2022,online,declined,451,13.95
btessymancj,452,676798502874327990,1434.14,solo,6/13/2022,retail,declined,452,16.39
gsmittenck,453,3542026649038548,1282.3,jcb,5/5/2022,online,pending,453,15.21
sfurneauxcl,454,3540110248879833,2577.49,jcb,8/4/2022,online,declined,454,23.2
tseymourcm,455,58933984219608952,612.48,maestro,8/15/2022,restaurant,approved,455,0.68
mespaderocn,456,5602225737695472,3261.52,bankcard,6/30/2022,restaurant,approved,456,12.43
idyettco,457,5111833006448996,119.6,mastercard,6/20/2022,retail,pending,457,21.76
cyitzovitzcp,458,375935442579094,5790.78,americanexpress,6/30/2022,online,declined,458,0.2
ceadcq,459,337941036951795,3746.73,americanexpress,5/26/2022,restaurant,approved,459,20.77
ewolfendencr,460,3538940805452200,7059.42,jcb,1/3/2022,restaurant,pending,460,11.75
cdodwellcs,461,3574183725524734,5500.38,jcb,2/2/2022,restaurant,pending,461,9.92
jlinderct,462,67633552716025998,6880.79,maestro,12/23/2022,restaurant,approved,462,3.57
mlucuscu,463,3588750613951304,7837.08,jcb,10/19/2022,online,declined,463,3.35
lbusbycv,464,675931533174602212,2412.15,maestro,9/11/2022,online,approved,464,20.52
rboycottcw,465,560225484157647353,6115.5,china-unionpay,12/13/2022,restaurant,declined,465,23.7
ssparshettcx,466,6771744261236018684,7841.24,laser,10/27/2022,retail,approved,466,8.41
jhackworthycy,467,5602258920111692,3437.64,bankcard,1/6/2022,retail,pending,467,10.06
whaquincz,468,5100172908480127,4939.31,mastercard,7/2/2022,online,declined,468,2.3
tmcgroutherd0,469,3557284284269744,1905.83,jcb,5/14/2022,retail,declined,469,16.03
abrettelled1,470,4913149205000667,6915.21,visa-electron,10/24/2022,restaurant,pending,470,23.43
kstoryd2,471,5466987840658466,4003.45,diners-club-us-ca,11/17/2022,online,approved,471,5.89
fsegotd3,472,36447898918991,2375.93,diners-club-international,7/17/2022,restaurant,declined,472,21.56
aoneild4,473,36020981577725,4378.19,diners-club-international,8/4/2022,retail,declined,473,13.3
gdeverilled5,474,633436615644263912,4763.79,solo,9/14/2022,retail,pending,474,1.54
divied6,475,3540679572193953,2761.22,jcb,3/9/2022,restaurant,pending,475,12.79
wjorczykd7,476,30176307458580,3534.54,diners-club-carte-blanche,11/10/2022,online,pending,476,23.26
rcamposd8,477,30254396587898,1695.74,diners-club-carte-blanche,5/27/2022,retail,approved,477,2.09
hgilfoyd9,478,5448469560976611,4475.41,diners-club-us-ca,2/22/2022,restaurant,pending,478,3.12
vtreadgerda,479,340205581115692,5201.21,americanexpress,4/15/2022,retail,declined,479,0.65
aquiggdb,480,3585354863667315,4632.87,jcb,6/16/2022,restaurant,approved,480,17.91
dtenpennydc,481,30483554547283,2539.38,diners-club-carte-blanche,1/28/2022,restaurant,declined,481,7.75
gdergesdd,482,201455839589028,1018.29,diners-club-enroute,5/27/2022,online,declined,482,13.44
cdunniomde,483,5602218521389642,5952.39,bankcard,4/26/2022,retail,approved,483,3.75
khurtdf,484,3533937486443701,171.29,jcb,12/21/2022,retail,declined,484,16.77
olygodg,485,677130518459162862,401.78,laser,1/12/2022,restaurant,approved,485,2.61
mmadendh,486,201942656127131,3408.47,diners-club-enroute,12/12/2022,online,approved,486,20.42
hpurselowedi,487,67636615670502489,2935.08,maestro,6/6/2022,online,approved,487,20.71
gdrustdj,488,201479012423078,1757.01,diners-club-enroute,2/23/2022,restaurant,approved,488,0.2
asouthwelldk,489,3535033186129671,9841.15,jcb,8/18/2022,retail,pending,489,17.26
nutleydl,490,30032034397015,6701.28,diners-club-carte-blanche,7/5/2022,retail,pending,490,3.5
sprierdm,491,3535971512711490,4439.79,jcb,4/26/2022,online,declined,491,6.65
spietsmadn,492,6771344550120543,8485.31,laser,8/25/2022,retail,declined,492,16.16
fpooleydo,493,3579070604310233,2503.73,jcb,2/28/2022,online,pending,493,8.72
obremeyerdp,494,3562179169404528,6070.1,jcb,2/3/2022,online,pending,494,6.19
farnalldq,495,4017956706591779,5377.33,visa,8/7/2022,restaurant,declined,495,23.46
wcrombdr,496,3572003133103263,952.6,jcb,11/3/2022,online,declined,496,6.59
gfilipchikovds,497,4903945228376355109,2522.01,switch,12/1/2022,online,pending,497,3.64
jmcelvinedt,498,5100173273635634,5192.62,mastercard,1/26/2022,retail,pending,498,22.23
hduffreedu,499,6763518129502974792,4413.4,maestro,10/8/2022,restaurant,pending,499,10.5
oeuldv,500,3558925855830723,9136.02,jcb,3/21/2022,online,declined,500,8.16
mjeffriesdw,501,4917954941670913,6841.18,visa-electron,3/19/2022,retail,approved,501,22.25
bhayendx,502,3537695473350547,7756.76,jcb,5/10/2022,restaurant,pending,502,15.46
kwhitecrossdy,503,201893445562577,7316.29,diners-club-enroute,4/12/2022,online,declined,503,2.91
dlobelldz,504,5602219893836848,9153.96,bankcard,8/11/2022,retail,approved,504,16.75
bbugdene0,505,4911592209942771127,2767.41,switch,7/24/2022,online,pending,505,17.87
hhutleye1,506,675989504277294000,4349.14,switch,4/14/2022,retail,pending,506,14.0
jschaumanne2,507,3563147920637701,3551.91,jcb,7/15/2022,restaurant,approved,507,7.02
dvarndalle3,508,3539789235092048,1642.14,jcb,12/19/2022,retail,pending,508,18.05
zmagille4,509,5610123936043513,1458.16,bankcard,5/5/2022,restaurant,pending,509,22.0
abearwarde5,510,3579494141251819,6837.51,jcb,6/16/2022,restaurant,approved,510,12.63
brestille6,511,3554355289451272,562.73,jcb,10/7/2022,online,declined,511,4.3
ncollishawe7,512,3534494321874038,6196.25,jcb,12/6/2022,restaurant,pending,512,1.38
bsherewoode8,513,560221880308200147,1488.22,china-unionpay,12/2/2022,restaurant,declined,513,23.65
bstensone9,514,5602252249373893,1471.4,bankcard,9/15/2022,online,declined,514,9.19
kannionea,515,6398888745762463,4361.13,instapayment,4/9/2022,online,approved,515,8.99
gashingtoneb,516,6333447159255488995,684.59,switch,11/18/2022,restaurant,approved,516,4.65
afluteec,517,337941988990700,8043.69,americanexpress,1/8/2022,online,declined,517,5.99
wkieraned,518,3539057117543870,319.42,jcb,8/31/2022,restaurant,approved,518,22.73
cshyreee,519,201841217131055,9190.94,diners-club-enroute,10/20/2022,retail,pending,519,11.94
tdustingef,520,5007662978216199,3714.56,mastercard,6/10/2022,online,declined,520,21.17
vbaudinoeg,521,3528046459713046,9938.09,jcb,4/23/2022,retail,pending,521,9.21
rfreakeeh,522,374288350941182,4775.67,americanexpress,12/25/2022,online,declined,522,13.69
hlangei,523,5602225777864905,2022.21,bankcard,10/21/2022,online,declined,523,5.2
tfrankej,524,5541230215175041,1056.52,diners-club-us-ca,7/19/2022,online,approved,524,4.47
nmorhallek,525,67065756815878655,6224.85,laser,6/29/2022,online,pending,525,16.25
mmealingel,526,5100148278049452,668.42,mastercard,9/3/2022,restaurant,pending,526,16.49
anooreem,527,3562775695210386,3033.49,jcb,1/12/2022,restaurant,pending,527,19.83
sbennettoen,528,3580671402080931,9707.95,jcb,7/28/2022,online,declined,528,16.81
gsybryeo,529,349994752022248,6141.73,americanexpress,9/14/2022,restaurant,pending,529,2.97
dgreatrakesep,530,4026212663791344,3957.94,visa-electron,7/13/2022,retail,pending,530,10.43
asculleyeq,531,344639248676595,1059.77,americanexpress,12/2/2022,online,declined,531,8.82
trosingdaller,532,3531528619891528,4222.65,jcb,11/13/2022,retail,pending,532,6.86
rvogelees,533,3553406389144522,9717.44,jcb,6/28/2022,retail,pending,533,21.47
ctreleavenet,534,4142360697151,1715.29,visa,9/16/2022,retail,declined,534,7.38
lstathameu,535,379795286732985,2458.28,americanexpress,4/12/2022,online,declined,535,9.36
kkloserev,536,50180840688333240,8846.72,maestro,2/23/2022,restaurant,approved,536,2.98
tgunthorpeew,537,3560354188924572,6694.85,jcb,10/31/2022,retail,declined,537,6.88
bstollenbeckex,538,3541727512932938,263.11,jcb,7/20/2022,restaurant,declined,538,12.24
pseekingsey,539,3586568152377695,3654.97,jcb,11/8/2022,retail,approved,539,14.65
ncoleshillez,540,5602243710521425,8737.85,china-unionpay,10/30/2022,online,pending,540,9.64
achipchasef0,541,5007660167968331,2633.4,mastercard,7/23/2022,online,pending,541,23.74
tslipperf1,542,5007668573708555,7419.95,mastercard,3/30/2022,restaurant,pending,542,15.16
gdienesf2,543,5602210376532574,2662.27,bankcard,5/7/2022,retail,approved,543,9.7
mearnshawf3,544,676264272694246482,6983.81,maestro,1/2/2022,retail,declined,544,15.05
gmuggachf4,545,5020600377682283,4981.38,maestro,12/21/2022,restaurant,pending,545,12.84
ntunneyf5,546,201754765709711,6000.49,diners-club-enroute,9/17/2022,restaurant,declined,546,19.59
rmeiklamf6,547,6304197053992107,9929.74,laser,10/8/2022,online,approved,547,10.62
lshrimplinf7,548,5007668270994912,4878.93,mastercard,6/13/2022,retail,pending,548,1.95
jtaggertyf8,549,5007664508862971,9248.49,mastercard,1/4/2022,online,declined,549,5.65
zeasomf9,550,4175005638166470,9280.39,visa-electron,11/10/2022,restaurant,approved,550,17.33
dpinwellfa,551,3550873186204598,432.78,jcb,10/22/2022,online,approved,551,7.31
bflutefb,552,5020992910464794,9807.21,maestro,6/26/2022,online,declined,552,7.98
nmariottefc,553,4917677182016187,7261.66,visa-electron,9/9/2022,restaurant,approved,553,20.77
bworgenfd,554,67711052517931069,2407.74,laser,5/31/2022,retail,declined,554,4.3
swalcherfe,555,6709849558095509651,9459.45,laser,11/28/2022,online,pending,555,4.77
gburchellff,556,3534821236994768,339.25,jcb,1/13/2022,restaurant,approved,556,21.69
kchasmerfg,557,30390010293958,2276.84,diners-club-carte-blanche,4/25/2022,restaurant,declined,557,5.03
cmccabefh,558,201910747528492,6489.64,diners-club-enroute,9/6/2022,restaurant,pending,558,7.85
wreysonfi,559,3578848631378773,270.31,jcb,1/25/2022,restaurant,declined,559,11.16
wtremlettfj,560,5100135250452291,5397.85,mastercard,11/5/2022,online,approved,560,8.89
rarnholdtfk,561,3538510117015506,4721.95,jcb,11/30/2022,retail,declined,561,11.34
clornefl,562,348039547023928,2367.01,americanexpress,5/3/2022,online,pending,562,17.94
mmatignonfm,563,337941418374681,530.98,americanexpress,9/30/2022,restaurant,declined,563,9.69
ariccionefn,564,3570660438755055,9328.86,jcb,11/1/2022,retail,pending,564,14.14
jleamanfo,565,4508159487267877,8818.93,visa-electron,5/18/2022,restaurant,pending,565,5.65
dkornackifp,566,30504995492399,3401.07,diners-club-carte-blanche,3/4/2022,online,approved,566,5.45
cguillotonfq,567,374288323973684,7558.07,americanexpress,2/25/2022,online,pending,567,13.68
pfieldsfr,568,67610245413896509,8865.9,maestro,6/29/2022,retail,pending,568,1.88
ehedinghamfs,569,6391595659972775,3260.51,instapayment,1/25/2022,retail,declined,569,2.56
bgullisft,570,201412334111956,9214.6,diners-club-enroute,1/4/2022,retail,approved,570,18.98
cnewartfu,571,3554898153785192,9493.45,jcb,12/15/2022,restaurant,declined,571,5.73
ohailesfv,572,3571723798516829,3257.14,jcb,3/20/2022,restaurant,declined,572,2.14
satgerfw,573,3569619409955030,8732.07,jcb,7/30/2022,restaurant,approved,573,13.0
cvolettfx,574,5461405278756772,9241.33,diners-club-us-ca,5/12/2022,retail,approved,574,19.53
bbagguleyfy,575,3555294038051381,5616.0,jcb,4/22/2022,online,pending,575,5.19
djessoppfz,576,5602255850536377,9403.44,bankcard,3/19/2022,restaurant,approved,576,1.4
mgiroding0,577,5602257069066295,7024.06,bankcard,10/30/2022,online,approved,577,10.05
jepiscopiog1,578,3541981106999924,5107.1,jcb,5/16/2022,retail,declined,578,16.9
sbrinkleyg2,579,503818438124297232,6505.68,maestro,1/13/2022,online,approved,579,15.45
bprewg3,580,4041591202920709,2080.13,visa,3/9/2022,retail,pending,580,14.8
ocasierog4,581,3531085611503833,5589.86,jcb,4/16/2022,online,approved,581,20.72
rheskeyg5,582,3567865507631856,856.72,jcb,4/16/2022,retail,declined,582,20.35
kgentschg6,583,3563001815867149,8001.62,jcb,9/7/2022,retail,approved,583,7.42
mseneschalg7,584,5190605822643222,8878.05,mastercard,12/2/2022,online,pending,584,0.45
ttattertong8,585,30400955990250,2542.86,diners-club-carte-blanche,3/31/2022,restaurant,pending,585,5.22
asibbaldg9,586,5610047892271798833,7963.15,china-unionpay,8/9/2022,retail,pending,586,23.61
bcastonga,587,3564037204915767,2718.55,jcb,4/28/2022,restaurant,declined,587,12.54
pchadwellgb,588,3579380003819308,8349.29,jcb,9/13/2022,retail,approved,588,2.26
rbraddickgc,589,3546091264095781,3181.71,jcb,5/17/2022,online,declined,589,23.92
lgarrowgd,590,3532926430436748,2233.48,jcb,6/7/2022,restaurant,declined,590,9.56
smactrustamge,591,3579016027211136,3654.03,jcb,5/15/2022,online,pending,591,1.69
sclemotgf,592,3542682674575653,9923.82,jcb,9/4/2022,online,declined,592,5.05
rcrombleholmegg,593,5893659536514496025,1773.78,maestro,10/19/2022,restaurant,pending,593,7.68
tspencegh,594,36830609583016,2513.38,diners-club-international,7/30/2022,retail,declined,594,10.0
jcescongi,595,633486484031379404,4734.1,solo,5/12/2022,restaurant,approved,595,23.23
vcotagj,596,67619377629565437,9394.37,maestro,5/10/2022,online,declined,596,8.9
ibruslegk,597,4645088209672615,1812.65,visa,3/27/2022,online,pending,597,16.69
pyakobowitchgl,598,4041591167739,5307.98,visa,6/28/2022,restaurant,declined,598,6.06
cwindusgm,599,5002351785433891,7026.54,mastercard,3/15/2022,online,declined,599,12.87
cscinellign,600,3563195608522497,7433.92,jcb,9/2/2022,restaurant,pending,600,6.91
ffewingsgo,601,4754194292359008,6656.73,visa,6/17/2022,restaurant,declined,601,8.25
rcasebournegp,602,5038024189921255400,2238.16,maestro,9/30/2022,online,pending,602,4.32
brhucroftgq,603,0604727711826774,5066.86,maestro,3/6/2022,restaurant,declined,603,2.4
nrenvoisegr,604,3543499961035948,7055.07,jcb,3/18/2022,retail,declined,604,23.66
flonglandsgs,605,374288888024378,5039.47,americanexpress,1/14/2022,restaurant,declined,605,4.62
lsmallesgt,606,374622119096443,5224.46,americanexpress,3/15/2022,restaurant,pending,606,21.38
lspeechlygu,607,5602243594803287,4367.7,china-unionpay,9/22/2022,retail,approved,607,9.77
hcoffeltgv,608,4041370115286114,3899.91,visa,10/15/2022,retail,pending,608,17.16
rlystongw,609,3533640497675473,589.31,jcb,9/11/2022,restaurant,declined,609,14.83
rporchergx,610,4145938967071,4155.37,visa,1/10/2022,retail,declined,610,19.14
sschukertgy,611,4844868495770937,2540.15,visa-electron,9/14/2022,retail,pending,611,13.66
groumiergz,612,3556523346851481,3715.8,jcb,8/13/2022,restaurant,approved,612,11.41
aphipardshearsh0,613,3577980600117634,3382.38,jcb,11/3/2022,retail,declined,613,12.92
sgajewskih1,614,502068946039847742,1242.05,maestro,3/28/2022,retail,pending,614,9.9
hsmarth2,615,3578837259452481,9548.87,jcb,2/18/2022,restaurant,approved,615,15.48
ptinwellh3,616,5010126211697198,350.6,mastercard,7/2/2022,restaurant,approved,616,22.96
rbalffyeh4,617,4017950125788405,8868.7,visa,5/3/2022,restaurant,approved,617,15.29
akellsh5,618,3546973852156465,3630.02,jcb,10/26/2022,restaurant,pending,618,10.89
nrahlofh6,619,3548153268614773,1797.59,jcb,11/13/2022,online,declined,619,4.27
abaakeh7,620,201866096677407,2892.14,diners-club-enroute,2/28/2022,retail,approved,620,20.09
emulrenanh8,621,36478383791205,448.82,diners-club-international,10/18/2022,retail,approved,621,0.12
prizzinih9,622,56022512625195029,2273.6,china-unionpay,9/9/2022,online,declined,622,15.14
woglessaneha,623,3537032888887097,3566.76,jcb,12/6/2022,online,declined,623,7.25
ajanaszewskihb,624,3553869622389131,5051.89,jcb,1/10/2022,online,declined,624,19.61
tyakobhc,625,3542385987553165,5878.02,jcb,9/18/2022,restaurant,approved,625,21.52
elauridsenhd,626,30353184435391,6917.51,diners-club-carte-blanche,12/8/2022,restaurant,declined,626,6.12
kspringhe,627,3551145513331348,7817.88,jcb,1/6/2022,online,declined,627,16.44
bbemrosehf,628,6771564348782904,2536.34,laser,4/9/2022,restaurant,declined,628,12.11
ccuminghg,629,3589827861385168,1455.73,jcb,5/26/2022,restaurant,declined,629,11.05
abrahamshh,630,30237127431379,8839.2,diners-club-carte-blanche,3/9/2022,restaurant,approved,630,3.08
ebewliehi,631,30411549162231,9362.16,diners-club-carte-blanche,1/3/2022,online,pending,631,19.72
rscroggiehj,632,3566194741975784,5883.6,jcb,12/16/2022,restaurant,declined,632,21.12
nsealshk,633,5235200800681274,4044.32,mastercard,11/14/2022,online,approved,633,2.54
tprobinhl,634,30469145693603,6872.31,diners-club-carte-blanche,6/6/2022,restaurant,pending,634,7.22
mmullineuxhm,635,374283994979953,7471.63,americanexpress,4/8/2022,restaurant,declined,635,7.41
efarranshn,636,5279275537531130,5332.63,mastercard,8/24/2022,online,declined,636,6.09
cmorpheyho,637,5108759352365937,5481.68,mastercard,5/15/2022,retail,declined,637,16.04
mdiscombehp,638,5002353697015956,9515.01,mastercard,8/21/2022,restaurant,declined,638,23.91
shartilhq,639,3530096689359165,4500.04,jcb,11/30/2022,retail,declined,639,9.24
ccroneenhr,640,30108368523259,2338.3,diners-club-carte-blanche,7/20/2022,retail,approved,640,10.99
brousehs,641,0604280035322765,5568.36,maestro,12/27/2022,restaurant,declined,641,10.23
sschoroderht,642,3570611718663907,3281.01,jcb,1/17/2022,online,approved,642,20.36
rmifflinhu,643,5451393223231772,3375.75,diners-club-us-ca,3/7/2022,restaurant,approved,643,12.08
kboothroydhv,644,3549962026664055,3059.09,jcb,11/15/2022,retail,declined,644,2.73
kcotterrillhw,645,56022386071813876,8346.99,china-unionpay,10/4/2022,retail,pending,645,7.71
reasterlinghx,646,30139083197418,5339.61,diners-club-carte-blanche,9/13/2022,restaurant,pending,646,10.33
pmaylourhy,647,5507019005914079,6093.55,diners-club-us-ca,5/10/2022,retail,approved,647,11.79
kkenewelhz,648,4041591253930631,6446.62,visa,8/10/2022,restaurant,approved,648,7.88
bstazikeri0,649,3548027859060671,382.62,jcb,9/9/2022,online,declined,649,14.46
vboltoni1,650,6334412850863771,202.0,solo,10/18/2022,online,pending,650,13.07
icockreni2,651,337941891444969,4127.1,americanexpress,10/27/2022,online,approved,651,22.35
aantonii3,652,5610195281277987,9423.98,bankcard,2/14/2022,restaurant,approved,652,13.94
cfrayi4,653,3537720338749681,8476.69,jcb,7/21/2022,restaurant,declined,653,3.99
ubardnami5,654,3580076706998376,4360.47,jcb,8/30/2022,retail,pending,654,7.36
edrysdalei6,655,201976511139139,9277.05,diners-club-enroute,4/9/2022,retail,pending,655,15.18
rprowsei7,656,3543011268220253,4604.0,jcb,3/31/2022,restaurant,pending,656,19.46
rkestelli8,657,3583135361468799,7922.19,jcb,6/16/2022,restaurant,declined,657,16.88
dstormonthi9,658,676209879729373293,8151.78,maestro,6/20/2022,retail,declined,658,7.95
bbrethertonia,659,3585924504750447,1420.18,jcb,1/22/2022,retail,declined,659,5.09
emccambridgeib,660,4844104203537099,5034.99,visa-electron,7/12/2022,online,declined,660,7.35
lbesnardic,661,3578711261088957,5717.09,jcb,5/17/2022,restaurant,declined,661,4.63
tredlerid,662,6709942174042925846,1261.34,laser,5/19/2022,online,approved,662,11.85
cpilcherie,663,3588240084403183,5695.62,jcb,11/24/2022,restaurant,pending,663,23.84
inorewoodif,664,3561788805298036,2841.23,jcb,11/14/2022,online,pending,664,7.55
draglesig,665,3568441444942506,114.24,jcb,6/21/2022,retail,approved,665,19.84
spudgeih,666,3585978493358240,7623.81,jcb,10/22/2022,restaurant,pending,666,11.14
soliveyii,667,5380847533414366,522.31,mastercard,1/27/2022,restaurant,declined,667,19.25
achitsonij,668,337941892515429,7819.05,americanexpress,2/7/2022,online,declined,668,7.49
mphipardshearsik,669,3554208299553357,7139.81,jcb,4/15/2022,restaurant,pending,669,9.66
ceshil,670,30331637758601,84.66,diners-club-carte-blanche,1/5/2022,online,pending,670,2.29
fcoldhamim,671,3534246901226629,5379.22,jcb,7/26/2022,restaurant,pending,671,3.59
esprayin,672,6304823958494606,1059.2,maestro,8/4/2022,online,pending,672,10.26
ksterndaleio,673,3562795419463673,8025.02,jcb,7/8/2022,retail,approved,673,4.28
atrunchionip,674,5100147567302945,4761.69,mastercard,6/1/2022,restaurant,declined,674,14.09
cocassidyiq,675,5100143984277679,2525.16,mastercard,12/16/2022,restaurant,approved,675,16.64
lplewsir,676,6759086054134481158,3739.87,switch,8/7/2022,restaurant,approved,676,9.04
icoattsis,677,676325020057255161,9294.57,maestro,4/3/2022,restaurant,pending,677,14.72
nscollardit,678,3545072701603065,9234.64,jcb,7/12/2022,retail,approved,678,20.97
tsaggiu,679,5007666057775686,4319.86,mastercard,5/30/2022,restaurant,approved,679,8.43
agazeyiv,680,4911829654900820,3201.41,switch,3/28/2022,online,approved,680,23.23
cchaloneriw,681,3552467377290223,7069.19,jcb,4/21/2022,retail,declined,681,2.08
qhemphallix,682,3574922564094246,9177.0,jcb,5/11/2022,online,approved,682,7.01
cturevilleiy,683,6706537245311909708,890.74,laser,3/19/2022,online,declined,683,13.1
grubbertsiz,684,201472902186517,9287.96,diners-club-enroute,12/29/2022,online,declined,684,17.87
mroarkj0,685,340582413560778,206.01,americanexpress,3/25/2022,restaurant,approved,685,0.84
mabrahamowitczj1,686,6304774927237093206,2352.87,laser,4/2/2022,online,approved,686,2.59
lciccottoj2,687,67596249689878777,6834.93,maestro,8/10/2022,retail,approved,687,9.41
cmathewsonj3,688,4026890904964117,6561.52,visa-electron,6/10/2022,retail,declined,688,6.75
jquincej4,689,5448957388046922,5800.02,mastercard,5/12/2022,online,approved,689,16.43
lchesworthj5,690,3535413043743635,7649.06,jcb,7/14/2022,retail,declined,690,1.48
gcammiemilej6,691,3546404250877213,838.7,jcb,5/27/2022,retail,approved,691,12.93
kcabanej7,692,5602221095899178,5935.87,bankcard,3/4/2022,restaurant,declined,692,14.1
bgilyottj8,693,6767260990598447006,2582.05,solo,8/3/2022,retail,declined,693,5.2
olorrimanj9,694,3567316662434199,5003.21,jcb,12/11/2022,retail,declined,694,7.65
mpidgeleyja,695,5108758679165988,610.33,mastercard,7/4/2022,online,approved,695,11.28
lelacoatejb,696,060481249970596933,6180.44,maestro,7/17/2022,retail,declined,696,6.74
mpickardjc,697,5414569370518097,8490.19,diners-club-us-ca,5/27/2022,restaurant,declined,697,1.4
ddalglieshjd,698,3537136629804475,2779.12,jcb,12/14/2022,retail,approved,698,6.13
aoriginje,699,6331101392896562,4476.18,switch,5/12/2022,online,approved,699,5.17
bcopsjf,700,561082009406460124,5325.43,china-unionpay,12/6/2022,restaurant,declined,700,6.28
tmassinghamjg,701,56022307016355963,526.24,china-unionpay,8/26/2022,restaurant,pending,701,11.9
keskriettjh,702,3562207110079527,3922.84,jcb,4/30/2022,restaurant,pending,702,19.11
jhalfacreeji,703,4540813425460,1376.71,visa,3/2/2022,online,pending,703,3.32
fblomefieldjj,704,5175395161251618,9204.1,mastercard,9/24/2022,retail,declined,704,14.07
rgeppjk,705,5602248654959275,9516.74,bankcard,2/19/2022,retail,approved,705,3.06
jsherwilljl,706,3552580933248012,2818.23,jcb,2/3/2022,retail,pending,706,14.17
cgoodlipjm,707,36292602402084,8114.66,diners-club-international,12/16/2022,online,declined,707,15.45
ecrippesjn,708,6371499849943784,5826.54,instapayment,3/16/2022,restaurant,declined,708,22.96
fboobierjo,709,670689805955159579,5622.41,laser,11/3/2022,online,approved,709,20.93
sjohnsonjp,710,3560993470922560,9053.87,jcb,11/29/2022,restaurant,pending,710,0.64
gharbackjq,711,3540345300782968,6196.34,jcb,2/24/2022,restaurant,pending,711,20.33
jmcrilljr,712,374622861526746,3696.13,americanexpress,3/26/2022,restaurant,pending,712,4.81
eharradjs,713,3556115589453495,3534.4,jcb,4/10/2022,online,pending,713,16.65
hmcneilliejt,714,3543658498422768,9170.16,jcb,6/16/2022,online,pending,714,19.79
tleversuchju,715,5602220689323748378,9690.72,china-unionpay,11/11/2022,online,pending,715,7.4
jaylettjv,716,5602244132533303,1384.29,bankcard,5/9/2022,retail,pending,716,3.16
msaxbyjw,717,4041375694788992,8162.88,visa,7/17/2022,retail,approved,717,19.14
lkornalikjx,718,3530916738832336,4631.78,jcb,9/23/2022,restaurant,pending,718,11.15
abilamjy,719,56022587959704349,1945.44,china-unionpay,9/16/2022,restaurant,pending,719,3.13
dbarrasjz,720,201928490316543,5984.61,diners-club-enroute,10/7/2022,restaurant,pending,720,1.96
rsaizk0,721,5311655915533933,7740.82,mastercard,10/7/2022,online,declined,721,12.01
dfidiank1,722,3575201005731354,650.84,jcb,12/24/2022,online,approved,722,13.25
hbeddallk2,723,3539234708200075,3990.9,jcb,8/7/2022,online,approved,723,12.83
prederk3,724,5138848339087161,4167.98,mastercard,11/12/2022,online,pending,724,13.13
gpaolottok4,725,4175003864669655,6142.45,visa-electron,5/28/2022,restaurant,pending,725,19.16
ntonguek5,726,5602232375715083,3916.67,bankcard,6/3/2022,retail,approved,726,12.04
bfawlkesk6,727,3557571220248554,6063.37,jcb,8/19/2022,online,declined,727,5.07
etellwrightk7,728,201601847074137,3933.17,diners-club-enroute,4/12/2022,restaurant,pending,728,15.75
cpilgramk8,729,3570659755937817,5817.31,jcb,12/21/2022,restaurant,pending,729,6.04
scowperthwaitek9,730,3539276496745936,9627.58,jcb,10/18/2022,online,approved,730,8.64
anolletka,731,3539384313356786,1469.44,jcb,9/21/2022,retail,pending,731,14.86
ryerburykb,732,3582240564273029,5511.52,jcb,12/5/2022,retail,declined,732,8.59
hchiswellkc,733,201862370042681,6477.66,diners-club-enroute,6/20/2022,online,pending,733,18.12
nschultzkd,734,3559731060648580,2080.11,jcb,4/8/2022,restaurant,declined,734,10.97
rcadleke,735,4911786008342618961,9555.52,switch,12/11/2022,online,declined,735,21.58
kreynardkf,736,0604900192957439560,6809.74,maestro,6/17/2022,online,declined,736,6.5
sprettyjohnkg,737,5602224795607088815,8974.95,china-unionpay,6/10/2022,restaurant,declined,737,22.3
zwhineskh,738,4917651956718393,6396.62,visa-electron,7/2/2022,retail,pending,738,11.46
mbottomoreki,739,5100137574277404,3051.42,mastercard,3/22/2022,retail,declined,739,9.87
cfroggattkj,740,4913402800629483,5230.46,visa-electron,9/4/2022,restaurant,pending,740,3.41
cheynenkk,741,3531176774159016,1476.7,jcb,11/10/2022,retail,approved,741,19.65
tmclaykl,742,6331105410684330,2812.53,switch,9/10/2022,retail,approved,742,16.43
cgrumellkm,743,676204288049612999,5807.13,maestro,6/11/2022,restaurant,declined,743,23.71
ustricklerkn,744,6304053959044297,818.49,maestro,7/10/2022,online,declined,744,23.11
bmasdonko,745,58931638261566789,2650.85,maestro,5/19/2022,online,declined,745,13.11
rpigfordkp,746,5496392503166341,9103.27,mastercard,4/6/2022,retail,approved,746,1.91
afawleykq,747,337941476745905,4885.19,americanexpress,2/22/2022,retail,pending,747,3.48
pwarrykr,748,5602258343012972,6753.9,bankcard,8/28/2022,restaurant,pending,748,4.12
dkristiansenks,749,3544511350631241,9781.09,jcb,3/24/2022,retail,pending,749,9.26
smitroshinovkt,750,5524487589699037,9922.22,mastercard,1/9/2022,online,pending,750,18.3
rwilliamku,751,4041379903339,4428.66,visa,2/15/2022,restaurant,declined,751,23.59
psultankv,752,3553634304545784,3920.09,jcb,2/11/2022,restaurant,approved,752,14.63
mhilbournekw,753,3565992033586974,2791.87,jcb,8/30/2022,online,approved,753,23.72
eschustlkx,754,5108750767694250,3453.36,mastercard,4/13/2022,restaurant,pending,754,16.78
ccapronky,755,5610519468657549,1389.96,bankcard,4/20/2022,restaurant,approved,755,13.39
rvaunekz,756,3543561821940268,876.73,jcb,7/5/2022,online,pending,756,7.56
calbertsl0,757,4175005996712816,5929.58,visa-electron,2/10/2022,online,declined,757,21.31
ukerreyl1,758,4017958802718751,1691.02,visa,7/13/2022,retail,pending,758,12.24
dmccreedyl2,759,3549664326684482,2658.83,jcb,2/23/2022,retail,approved,759,5.85
jsmyleyl3,760,633314090984345702,9989.18,switch,8/21/2022,retail,pending,760,7.97
tcowtherdl4,761,3582225203868859,4540.0,jcb,2/20/2022,online,declined,761,5.14
vmapotherl5,762,3580720287167329,8834.64,jcb,10/12/2022,online,declined,762,1.97
bdeackesl6,763,491162003703558717,6320.33,switch,8/27/2022,online,pending,763,6.98
vharbinl7,764,3545716747184593,1683.48,jcb,2/23/2022,retail,declined,764,16.36
ahoblel8,765,201830842339936,4863.87,diners-club-enroute,11/9/2022,online,pending,765,20.05
pdunnel9,766,3579688555271326,2079.3,jcb,11/5/2022,retail,declined,766,22.31
azanicchila,767,3582256498217023,837.82,jcb,11/29/2022,retail,declined,767,23.59
mepinaylb,768,5454030979922207,118.49,mastercard,5/31/2022,online,approved,768,12.3
jkyttorlc,769,4936929191964051680,5772.75,switch,3/8/2022,online,approved,769,17.8
tkeeld,770,3578320784887703,186.12,jcb,8/25/2022,restaurant,declined,770,8.48
seaglenle,771,4405837229643513,970.45,visa-electron,1/20/2022,online,pending,771,23.77
jhargittlf,772,3584676908873420,4132.34,jcb,4/16/2022,restaurant,approved,772,7.39
dbockmasterlg,773,4017955002084,5172.93,visa,6/18/2022,online,pending,773,5.96
jbaumertlh,774,3584252188821073,2153.48,jcb,6/5/2022,retail,approved,774,5.97
fthurlbyli,775,6334822718334734,1864.94,solo,1/21/2022,restaurant,pending,775,21.17
bbaddoelj,776,6374356854663516,4822.89,instapayment,8/29/2022,restaurant,approved,776,22.59
cyanukhinlk,777,5436582025902263,9284.2,diners-club-us-ca,8/8/2022,retail,pending,777,12.48
ktrevaskusll,778,3583217148107781,7748.85,jcb,4/1/2022,online,approved,778,19.86
ninoldlm,779,56022470657820933,4533.0,china-unionpay,1/29/2022,retail,declined,779,19.74
gcheersln,780,5211553197364963,3394.44,mastercard,4/19/2022,online,declined,780,2.35
cglasebrooklo,781,5610022556888969,7844.83,bankcard,3/16/2022,restaurant,approved,781,11.96
aburneylp,782,5494876595994828,9054.95,mastercard,11/19/2022,online,declined,782,10.22
ikennetlq,783,3533816802299486,8387.82,jcb,8/8/2022,retail,declined,783,18.66
dmcilvaneylr,784,4911988798478281,8720.78,switch,9/4/2022,online,declined,784,3.72
jduffusls,785,490382339379699468,4376.04,switch,2/8/2022,restaurant,approved,785,2.64
acrixlt,786,4913572922848771,3063.21,visa-electron,11/11/2022,online,declined,786,23.45
escarboroughlu,787,3568266018554720,3667.52,jcb,5/11/2022,restaurant,pending,787,22.01
ncurdlv,788,5242689682697153,3208.57,mastercard,1/8/2022,restaurant,approved,788,14.29
vthatcherlw,789,3549079183630686,410.23,jcb,4/27/2022,retail,pending,789,18.65
eferbrachelx,790,3564066088095248,9315.85,jcb,10/2/2022,retail,approved,790,17.87
amcmichaelly,791,3574106260207365,2981.75,jcb,9/13/2022,online,declined,791,9.47
ohuettlz,792,4508125591702885,5191.07,visa-electron,10/22/2022,retail,pending,792,18.18
hdiamondm0,793,5100170760047463,9823.05,mastercard,6/13/2022,retail,pending,793,1.4
wpinckneym1,794,676301428801903911,3042.58,maestro,1/27/2022,restaurant,approved,794,7.87
eeskriettm2,795,4917844056110229,4517.79,visa-electron,8/17/2022,restaurant,pending,795,3.73
bnorthfieldm3,796,5610009466364256,2154.97,bankcard,4/26/2022,restaurant,pending,796,16.94
mdufourm4,797,6304648600142133,17.18,laser,6/23/2022,online,approved,797,20.19
mseekingm5,798,3564863926534267,2840.85,jcb,8/27/2022,restaurant,approved,798,2.0
cspareym6,799,490593542206433192,9865.63,switch,6/20/2022,restaurant,declined,799,7.04
bgibbettsm7,800,4175007401011164,7074.08,visa-electron,3/5/2022,online,declined,800,12.08
kbromwichm8,801,3562799272510372,8005.35,jcb,9/18/2022,retail,approved,801,23.43
rfeltonm9,802,3570337010729580,1939.3,jcb,4/2/2022,retail,pending,802,2.05
ostubleyma,803,3571321433738708,1449.29,jcb,3/16/2022,retail,pending,803,4.64
djurgensenmb,804,3558126718669313,6533.88,jcb,7/31/2022,restaurant,declined,804,22.86
hdominguesmc,805,5602243454537147567,2651.37,china-unionpay,5/30/2022,restaurant,declined,805,7.63
jtitcumbmd,806,3540482590137528,1014.05,jcb,1/8/2022,restaurant,pending,806,10.02
barneme,807,3558523109949454,1509.88,jcb,6/29/2022,online,declined,807,1.41
rcornhillmf,808,3533538666289102,4864.46,jcb,1/29/2022,online,pending,808,10.04
ghammandmg,809,3589805630152374,8017.24,jcb,7/10/2022,retail,pending,809,13.06
gwhettonmh,810,3585535462706724,4137.05,jcb,8/19/2022,retail,approved,810,19.53
oramelmi,811,30163309790087,3484.03,diners-club-carte-blanche,5/19/2022,retail,approved,811,11.51
erochmj,812,5100141607547254,2233.43,mastercard,4/3/2022,online,declined,812,12.36
kbrisemk,813,4508859729276871,9377.24,visa-electron,1/11/2022,restaurant,declined,813,22.54
lsolwayml,814,5602250110761030,3447.0,bankcard,12/28/2022,online,approved,814,23.46
vsnibsonmm,815,6759119473994689851,8441.65,maestro,5/18/2022,retail,approved,815,8.38
tberneymn,816,4905873508784588040,5469.37,switch,6/24/2022,online,approved,816,8.65
gbielfeltmo,817,201906407451066,4117.58,diners-club-enroute,11/18/2022,online,declined,817,10.46
mparfettmp,818,4017951538807600,9732.74,visa,6/29/2022,retail,declined,818,7.2
jmcquartermq,819,3555761347271702,3631.88,jcb,5/8/2022,online,pending,819,17.53
dshivellmr,820,3573003294866046,8037.35,jcb,9/2/2022,retail,pending,820,14.67
gglazzardms,821,30307870828871,4738.25,diners-club-carte-blanche,4/22/2022,retail,approved,821,10.41
csnarymt,822,3570907987627809,6125.08,jcb,6/16/2022,online,declined,822,7.43
kferniemu,823,6393379298550534,4872.98,instapayment,8/28/2022,restaurant,pending,823,4.51
zbrandmv,824,3557398397860197,6070.47,jcb,6/21/2022,restaurant,declined,824,10.12
rlambillionmw,825,3572223031674104,292.46,jcb,4/29/2022,retail,declined,825,19.12
vgianolinimx,826,5511715276892092,204.6,diners-club-us-ca,9/30/2022,restaurant,pending,826,2.71
lfiskemy,827,0604173458235541,3433.11,maestro,6/25/2022,online,approved,827,18.76
ldarlisonmz,828,201628332089122,1142.54,diners-club-enroute,6/2/2022,online,approved,828,12.36
lmacduffn0,829,630445934046558836,5317.66,maestro,9/5/2022,restaurant,pending,829,3.53
rosgardbyn1,830,5602217076187161,9662.73,bankcard,10/26/2022,restaurant,pending,830,19.77
abinningn2,831,4017957634428019,4428.81,visa,12/30/2022,restaurant,pending,831,13.87
bbyartn3,832,3588912960448306,1355.18,jcb,7/2/2022,retail,approved,832,8.31
mprettyjohnn4,833,3573771648671870,2820.06,jcb,2/23/2022,retail,declined,833,11.6
rexpositon5,834,337941678020677,8756.97,americanexpress,1/17/2022,restaurant,pending,834,10.17
eoleninn6,835,4041590296521,2721.77,visa,9/24/2022,online,declined,835,8.52
bhustlern7,836,3583096895981857,9259.03,jcb,3/24/2022,retail,declined,836,14.29
bdadgen8,837,3588451551565236,7644.0,jcb,10/12/2022,restaurant,pending,837,11.52
dwibrown9,838,3562235290160668,5683.62,jcb,3/17/2022,online,approved,838,15.12
dtrusdalena,839,3551679408255287,2545.71,jcb,6/17/2022,retail,approved,839,15.5
rdelvesnb,840,6759836844862695,332.54,maestro,1/27/2022,retail,declined,840,2.54
romullaneync,841,3564639242408802,5728.89,jcb,2/17/2022,retail,approved,841,1.4
mkeevesnd,842,5100142073083550,546.17,mastercard,8/16/2022,retail,pending,842,8.89
ideathridgene,843,67068630569618871,2248.73,laser,8/6/2022,online,pending,843,2.32
ttuftnf,844,5100132050667616,1464.98,mastercard,11/4/2022,retail,pending,844,2.33
tkearnsng,845,3537290207227318,329.75,jcb,1/30/2022,retail,pending,845,21.92
tferrerinh,846,3566260736737412,8675.18,jcb,4/8/2022,online,declined,846,5.0
egreggorni,847,50203543274225225,811.1,maestro,3/26/2022,retail,pending,847,2.25
fpetticrownj,848,58939301478778828,1836.57,maestro,12/26/2022,retail,declined,848,14.14
cogbornenk,849,374288736155259,4445.55,americanexpress,12/29/2022,restaurant,approved,849,10.63
lmatityahunl,850,6709951773622322403,4456.33,laser,3/11/2022,restaurant,declined,850,7.21
jhoffnernm,851,589362470776598491,3000.65,maestro,1/31/2022,retail,approved,851,19.33
achatelainnn,852,56022579374983426,9407.38,china-unionpay,11/7/2022,retail,pending,852,3.69
jgreetno,853,201423038180015,5754.56,diners-club-enroute,10/3/2022,retail,pending,853,0.87
lmenaultnp,854,3531653772765671,9489.64,jcb,4/21/2022,restaurant,pending,854,5.69
wmarrownq,855,3582116650598034,9642.98,jcb,9/28/2022,online,approved,855,17.21
mbarkasnr,856,3589932806406994,8983.99,jcb,10/10/2022,online,pending,856,21.1
schildsns,857,503850277674711641,805.24,maestro,11/7/2022,retail,declined,857,11.62
gheindrichnt,858,3569604548125604,3561.62,jcb,3/28/2022,online,approved,858,18.83
odalstonnu,859,3528813192862541,9251.13,jcb,1/7/2022,retail,declined,859,22.34
dromeufnv,860,3574038951593243,3442.54,jcb,10/13/2022,retail,approved,860,17.94
cavonnw,861,3573520034664571,6979.16,jcb,7/31/2022,restaurant,approved,861,15.16
uarrowsmithnx,862,3562363548478862,6466.68,jcb,10/16/2022,online,approved,862,13.68
gmoineny,863,630453472158601184,1982.29,laser,7/13/2022,retail,declined,863,13.87
awillsherenz,864,371376748440356,4209.52,americanexpress,1/19/2022,online,approved,864,3.89
edebulliono0,865,201620656601129,2736.81,diners-club-enroute,10/16/2022,restaurant,pending,865,0.78
rburrageo1,866,5602230747714821242,9830.27,china-unionpay,4/23/2022,restaurant,declined,866,7.15
rjezzardo2,867,3554084539060408,8350.43,jcb,6/18/2022,online,pending,867,19.0
abrosolio3,868,560222489657822722,8470.85,china-unionpay,3/11/2022,online,pending,868,11.95
hshimmanso4,869,5108759513698499,8659.62,mastercard,12/9/2022,restaurant,pending,869,5.87
usillimano5,870,3555087982758468,1522.17,jcb,5/12/2022,online,declined,870,14.88
dandreuccio6,871,6379200678718392,4579.21,instapayment,12/18/2022,restaurant,approved,871,1.88
mlyndso7,872,6371510046227084,7546.65,instapayment,10/20/2022,restaurant,approved,872,10.51
asanso8,873,4917279002303257,1905.51,visa-electron,8/30/2022,restaurant,approved,873,12.94
amorcho9,874,3564293359500306,5958.01,jcb,6/3/2022,restaurant,declined,874,11.18
clashmoreoa,875,3566844144268472,199.46,jcb,9/29/2022,restaurant,approved,875,11.75
tchatresob,876,5610020684627317,9469.39,bankcard,11/14/2022,retail,approved,876,9.37
ralldridgeoc,877,30040191960871,9499.31,diners-club-carte-blanche,6/6/2022,retail,pending,877,5.07
mbridgelandod,878,30173515150885,7052.75,diners-club-carte-blanche,2/28/2022,online,approved,878,19.59
sdenidgeoe,879,3555441712734580,9295.74,jcb,1/18/2022,online,pending,879,17.41
cbenedictof,880,5526647424858613,4976.59,diners-club-us-ca,2/8/2022,retail,declined,880,3.06
gcarseog,881,4844725720425556,1366.4,visa-electron,7/8/2022,online,pending,881,7.73
maxstonoh,882,6392824302917089,8831.39,instapayment,3/9/2022,restaurant,approved,882,3.96
hdinningoi,883,5048379629733867,745.02,mastercard,4/23/2022,retail,declined,883,20.12
hdeandisieoj,884,5133059485617927,4221.78,mastercard,1/21/2022,restaurant,approved,884,3.03
nhucknallok,885,201876260393335,8190.49,diners-club-enroute,3/5/2022,retail,approved,885,8.89
bgarvillol,886,3575195788641881,6213.05,jcb,9/16/2022,online,declined,886,4.15
rkonertom,887,4017953490216,617.78,visa,2/16/2022,retail,pending,887,23.94
rcorneron,888,5038914193554976,3617.3,maestro,1/23/2022,restaurant,approved,888,13.25
ksimmansoo,889,3546383007830792,7316.75,jcb,3/5/2022,online,approved,889,7.2
kvaleop,890,4041590768933,4589.37,visa,9/1/2022,restaurant,approved,890,15.38
fsawfordeoq,891,3561246655979593,8702.11,jcb,9/28/2022,retail,pending,891,13.61
eforsdykeor,892,3558244462217039,2556.81,jcb,8/18/2022,retail,declined,892,10.8
bferrarios,893,374622892464719,312.32,americanexpress,10/22/2022,restaurant,pending,893,14.78
bpersseot,894,3545067967346425,8540.59,jcb,10/12/2022,retail,pending,894,10.79
bgostageou,895,3587901513635320,8596.37,jcb,6/3/2022,restaurant,approved,895,23.87
tperetov,896,3550027765767976,7940.59,jcb,2/27/2022,retail,pending,896,8.72
cworganow,897,3555013782405118,9566.83,jcb,9/16/2022,restaurant,pending,897,14.39
sricharzox,898,30587648766541,9098.67,diners-club-carte-blanche,8/26/2022,online,pending,898,4.13
cdandyoy,899,5108756063929027,530.79,mastercard,4/12/2022,retail,approved,899,19.15
mtongeoz,900,3589896608926428,7297.52,jcb,5/11/2022,online,declined,900,11.94
kfowleyp0,901,5544223138546148,3585.43,diners-club-us-ca,3/26/2022,restaurant,pending,901,12.25
dreasunp1,902,3573598717288660,7912.94,jcb,8/23/2022,online,pending,902,15.08
lkewp2,903,67098349557359935,1776.21,laser,1/16/2022,restaurant,declined,903,9.38
hpeyep3,904,5602242606266020,906.99,bankcard,12/11/2022,restaurant,approved,904,22.38
floxdalep4,905,3550327920158701,7672.21,jcb,11/13/2022,restaurant,declined,905,0.28
gcolletep5,906,6759804476378642081,6113.02,maestro,6/13/2022,restaurant,approved,906,10.58
ncheverellp6,907,379388594833842,3451.52,americanexpress,5/8/2022,retail,declined,907,14.08
cdoggartp7,908,5610201719125986,8324.23,bankcard,5/15/2022,restaurant,approved,908,23.36
abaniardp8,909,3559555269664324,8799.71,jcb,4/17/2022,retail,pending,909,8.09
rbelchamberp9,910,3538116971132195,8548.52,jcb,6/8/2022,online,approved,910,18.03
syorstonpa,911,3561607386692674,7242.99,jcb,7/13/2022,online,pending,911,15.74
cleerepb,912,3588035265387837,3978.29,jcb,5/2/2022,restaurant,pending,912,23.77
ncarlucciopc,913,5376971301799299,266.56,mastercard,9/26/2022,retail,declined,913,10.83
fpenticootpd,914,6388854784240185,2270.27,instapayment,1/7/2022,restaurant,declined,914,14.81
vgaddiepe,915,3568320239377906,1899.94,jcb,11/25/2022,restaurant,approved,915,16.53
kwaliszekpf,916,3531265931832886,6494.27,jcb,7/10/2022,restaurant,pending,916,10.14
griceardspg,917,4041372587965217,7872.66,visa,5/29/2022,retail,approved,917,19.94
abraithwaitph,918,3576385554056591,8146.85,jcb,8/5/2022,retail,declined,918,6.33
rlingpi,919,493676295915433227,8534.57,switch,1/21/2022,retail,approved,919,17.45
pcatherinepj,920,4936053402958722,2589.46,switch,11/7/2022,retail,approved,920,12.32
igothliffpk,921,3573352539932141,33.09,jcb,7/23/2022,online,pending,921,10.29
cgabbypl,922,3583676090599859,249.28,jcb,9/10/2022,online,declined,922,9.32
ewellingtonpm,923,3563143744295503,2898.18,jcb,4/26/2022,online,pending,923,23.43
astaitpn,924,201485662675693,9402.71,diners-club-enroute,12/12/2022,restaurant,approved,924,23.58
mhugnotpo,925,493602670710991273,4705.73,switch,10/23/2022,retail,approved,925,5.5
ggemlettpp,926,676114629990306728,516.91,maestro,8/21/2022,restaurant,declined,926,13.29
eprimrosepq,927,3588825596645675,5585.46,jcb,12/27/2022,retail,pending,927,5.95
bblaisepr,928,3543686439628052,4739.43,jcb,5/8/2022,restaurant,pending,928,20.37
aleanps,929,5328127765673848,88.05,mastercard,8/11/2022,retail,pending,929,13.63
liacovozzopt,930,5100148518652735,267.54,mastercard,7/21/2022,online,declined,930,6.04
dspoorpu,931,201665002505730,7669.78,diners-club-enroute,3/30/2022,retail,approved,931,13.27
wcoughlanpv,932,5002353204958466,2400.66,mastercard,10/13/2022,restaurant,declined,932,16.65
ksaffinpw,933,5602222339134000,8324.21,bankcard,6/20/2022,online,declined,933,18.95
bguerolapx,934,5602240967922670698,5692.12,china-unionpay,2/7/2022,restaurant,pending,934,18.53
glyalpy,935,3570221582054405,6301.07,jcb,5/1/2022,restaurant,declined,935,10.47
nsarrellpz,936,675941514676496798,2160.21,switch,10/27/2022,retail,declined,936,4.4
hbrownsteinq0,937,3561509653574116,9555.69,jcb,3/15/2022,online,pending,937,22.23
xdanieliq1,938,3539185749765189,9104.84,jcb,5/30/2022,restaurant,declined,938,6.06
imulhollandq2,939,3588614227737881,8086.84,jcb,10/4/2022,retail,declined,939,14.23
pmallamq3,940,4913619830060229,9549.71,visa-electron,9/14/2022,online,approved,940,2.13
sruppq4,941,3584550857620761,8729.31,jcb,6/22/2022,online,pending,941,12.27
ngatheridgeq5,942,5244437866090110,3300.04,mastercard,5/23/2022,restaurant,pending,942,14.83
alealleq6,943,3588819942117224,7222.58,jcb,7/1/2022,restaurant,declined,943,13.44
mgoardq7,944,3564729058503653,5438.47,jcb,1/25/2022,online,pending,944,13.63
fclaidenq8,945,3540677322623717,8327.66,jcb,10/25/2022,retail,declined,945,10.74
pwhalebellyq9,946,3538430859791018,6046.77,jcb,3/5/2022,online,pending,946,17.22
dmartqa,947,5048372084386545,1447.47,mastercard,12/22/2022,online,declined,947,14.52
ailesqb,948,5010121236928173,4823.51,mastercard,3/16/2022,restaurant,approved,948,4.3
vtrevenaqc,949,3565380420143189,241.95,jcb,8/23/2022,restaurant,approved,949,20.59
scollicottqd,950,30465385986160,4774.31,diners-club-carte-blanche,8/27/2022,online,approved,950,11.61
clegliseqe,951,3577309162654380,7586.9,jcb,7/16/2022,restaurant,declined,951,1.62
mborzoneqf,952,3567432757847847,1476.01,jcb,10/18/2022,retail,pending,952,9.19
lsimnorqg,953,5389955568038934,8082.72,mastercard,3/22/2022,retail,pending,953,2.63
npeddieqh,954,677172857672293750,1115.45,laser,1/27/2022,retail,declined,954,7.98
vtraversqi,955,6304022899305357,1051.25,maestro,8/24/2022,retail,approved,955,21.27
jscrineqj,956,6372553997148734,182.83,instapayment,6/24/2022,online,declined,956,15.83
nmiettinenqk,957,3568116628650337,6846.6,jcb,4/28/2022,online,declined,957,10.61
nghiraldiql,958,3533664016136395,3200.39,jcb,4/5/2022,retail,declined,958,17.43
hwathenqm,959,4903393983304212,338.89,switch,11/12/2022,restaurant,approved,959,9.57
nweeklandqn,960,3568296092251406,1206.53,jcb,12/7/2022,online,declined,960,19.93
bhawfordqo,961,4508263910919771,6972.17,visa-electron,11/6/2022,online,declined,961,15.27
vnannqp,962,501880293295725082,8539.0,maestro,10/23/2022,retail,approved,962,8.0
rnundqq,963,06044355906358075,6698.66,maestro,9/10/2022,online,pending,963,17.73
pwaggettqr,964,3572689572274886,2039.25,jcb,1/6/2022,retail,declined,964,7.13
hcoklyqs,965,5100139127157687,2848.51,mastercard,12/22/2022,retail,pending,965,23.76
idizlieqt,966,201747483771633,8617.13,diners-club-enroute,10/30/2022,online,declined,966,5.41
pferroqu,967,3538598015128364,4189.11,jcb,1/10/2022,retail,approved,967,14.21
agrzesiakqv,968,5048370620470641,6437.75,mastercard,7/27/2022,restaurant,approved,968,10.09
poffenerqw,969,3579522911037008,4183.28,jcb,10/29/2022,online,declined,969,0.75
rivakhnoqx,970,3575677460797008,8486.55,jcb,6/18/2022,online,declined,970,2.23
phamfleetqy,971,3530404723141799,3640.65,jcb,5/31/2022,retail,pending,971,16.86
vklainmanqz,972,3538949926154058,8954.06,jcb,2/9/2022,retail,approved,972,3.25
aballhamr0,973,67632439935107958,5169.4,maestro,9/28/2022,restaurant,pending,973,15.23
nlindmarkr1,974,4508790783775666,3641.26,visa-electron,8/21/2022,restaurant,pending,974,2.54
sthulbornr2,975,4512395225501,769.26,visa,7/17/2022,restaurant,declined,975,12.67
bkingswoodr3,976,4508903431759764,9609.57,visa-electron,11/16/2022,retail,pending,976,0.78
btroutbeckr4,977,4917366943964980,4297.27,visa-electron,2/19/2022,retail,pending,977,22.43
bdodameadr5,978,3554041544327008,6134.5,jcb,9/24/2022,online,pending,978,4.16
jcoltanr6,979,343210481195916,8224.92,americanexpress,5/15/2022,online,pending,979,10.68
glahrsr7,980,5038972431531065,3425.97,maestro,8/19/2022,online,approved,980,12.96
gdrillingcourtr8,981,3565107366132094,5971.87,jcb,9/1/2022,online,pending,981,7.88
jsiver9,982,3589984454413913,3801.63,jcb,3/22/2022,retail,pending,982,13.74
skordovara,983,3552131041143974,3643.14,jcb,4/20/2022,retail,pending,983,10.91
mseneschalrb,984,6386481866874194,2707.64,instapayment,11/21/2022,online,pending,984,16.68
opiattorc,985,3556979836717295,3382.06,jcb,10/16/2022,restaurant,approved,985,1.97
claddsrd,986,06043071575889149,350.95,maestro,9/15/2022,restaurant,pending,986,17.94
nbalesre,987,201889333429630,3239.69,diners-club-enroute,10/13/2022,online,approved,987,10.0
cyoungloverf,988,201719029396464,7450.61,diners-club-enroute,12/28/2022,online,declined,988,10.84
cwadhamsrg,989,3556243981205188,9324.23,jcb,12/11/2022,retail,declined,989,6.12
rtearnyrh,990,5602222483938735,3901.76,china-unionpay,11/18/2022,retail,declined,990,20.96
bvelezri,991,3529902025188031,8637.03,jcb,1/10/2022,restaurant,approved,991,11.15
hrotherrj,992,3538457654408092,3391.96,jcb,9/6/2022,online,approved,992,3.73
cbuckerfieldrk,993,201500114625623,4285.48,diners-club-enroute,9/9/2022,online,approved,993,11.97
ddowthwaiterl,994,6334873907625655987,865.53,solo,8/10/2022,restaurant,pending,994,3.35
abuggerm,995,201653329430907,9482.83,diners-club-enroute,1/17/2022,retail,pending,995,14.04
amacgownrn,996,5100135032448112,8290.58,mastercard,4/16/2022,retail,approved,996,6.95
rjothamro,997,3571926205914699,4499.5,jcb,10/4/2022,restaurant,declined,997,21.74
rstruterp,998,5610607820960501,3464.73,bankcard,3/4/2022,online,approved,998,5.99
csuggaterq,999,5602248719802114,70.08,china-unionpay,4/10/2022,retail,declined,999,9.12
srimesrr,1000,201522153975206,3020.34,diners-club-enroute,5/7/2022,retail,approved,1000,16.95
